Vgs_1.6,Ids_1.6,Vgs_1.6500000000000001,Ids_1.6500000000000001,Vgs_1.7000000000000002,Ids_1.7000000000000002,Vgs_1.7500000000000002,Ids_1.7500000000000002,Vgs_1.8000000000000003,Ids_1.8000000000000003,Vgs_1.8500000000000003,Ids_1.8500000000000003,Vgs_1.9000000000000004,Ids_1.9000000000000004,Vgs_1.9500000000000004,Ids_1.9500000000000004,Vgs_2.0000000000000004,Ids_2.0000000000000004,Vgs_2.0500000000000007,Ids_2.0500000000000007,Vgs_2.1000000000000005,Ids_2.1000000000000005,Vgs_2.1500000000000004,Ids_2.1500000000000004,Vgs_2.2000000000000006,Ids_2.2000000000000006
1.599,0.0,1.65,0.0,1.7,0.0,1.749,0.0,1.8,0.0,1.85,0.0,1.899,0.0,1.95,0.0,2.0,0.0,2.049,0.0,2.099,0.0,2.15,0.0,2.199,0.0
1.6,0.0,1.65,0.001,1.7,0.001,1.749,0.001,1.8,0.002,1.85,0.003,1.899,0.004,1.95,0.006,2.0,0.008,2.049,0.01,2.099,0.013,2.15,0.016,2.199,0.019
1.6,0.001,1.65,0.001,1.7,0.001,1.749,0.002,1.8,0.003,1.85,0.006,1.899,0.008,1.95,0.012,2.0,0.017,2.049,0.023,2.099,0.029,2.15,0.036,2.199,0.042
1.599,0.0,1.65,0.001,1.7,0.002,1.749,0.003,1.8,0.005,1.85,0.008,1.899,0.012,1.95,0.018,2.0,0.025,2.049,0.034,2.099,0.044,2.15,0.054,2.199,0.064
1.6,0.001,1.65,0.001,1.699,0.002,1.749,0.004,1.8,0.006,1.85,0.01,1.899,0.016,1.95,0.023,2.0,0.033,2.049,0.045,2.099,0.059,2.15,0.072,2.199,0.086
1.6,0.001,1.65,0.002,1.7,0.003,1.749,0.004,1.8,0.007,1.85,0.012,1.899,0.019,1.95,0.028,2.0,0.041,2.049,0.055,2.099,0.072,2.15,0.09,2.199,0.107
1.599,0.0,1.65,0.002,1.7,0.003,1.749,0.005,1.8,0.008,1.85,0.014,1.899,0.022,1.95,0.033,2.0,0.047,2.049,0.065,2.099,0.085,2.15,0.107,2.199,0.128
1.6,0.001,1.65,0.002,1.699,0.003,1.749,0.006,1.8,0.009,1.85,0.015,1.899,0.024,1.95,0.037,2.0,0.054,2.049,0.074,2.099,0.098,2.15,0.123,2.199,0.148
1.599,0.001,1.65,0.002,1.699,0.003,1.749,0.006,1.8,0.01,1.85,0.017,1.899,0.027,1.95,0.041,2.0,0.06,2.049,0.083,2.099,0.11,2.15,0.138,2.199,0.167
1.599,0.0,1.65,0.002,1.7,0.004,1.749,0.006,1.8,0.011,1.85,0.018,1.899,0.029,1.95,0.045,2.0,0.065,2.049,0.091,2.099,0.121,2.15,0.154,2.199,0.187
1.6,0.001,1.65,0.002,1.699,0.004,1.749,0.007,1.8,0.011,1.85,0.019,1.899,0.031,1.95,0.048,2.0,0.07,2.049,0.098,2.099,0.131,2.15,0.167,2.199,0.203
1.599,0.001,1.65,0.002,1.699,0.004,1.749,0.007,1.8,0.012,1.85,0.02,1.899,0.032,1.95,0.051,2.0,0.075,2.049,0.105,2.099,0.141,2.15,0.18,2.199,0.221
1.6,0.001,1.65,0.002,1.7,0.004,1.749,0.007,1.8,0.013,1.85,0.021,1.899,0.034,1.95,0.053,2.0,0.079,2.049,0.112,2.099,0.151,2.15,0.194,2.199,0.238
1.6,0.001,1.65,0.002,1.7,0.004,1.749,0.008,1.8,0.013,1.85,0.022,1.899,0.036,1.95,0.056,2.0,0.083,2.049,0.118,2.099,0.16,2.15,0.207,2.199,0.255
1.599,0.0,1.65,0.003,1.7,0.004,1.749,0.008,1.8,0.014,1.85,0.023,1.899,0.037,1.95,0.058,2.0,0.087,2.049,0.124,2.099,0.169,2.15,0.219,2.199,0.271
1.6,0.002,1.65,0.003,1.7,0.004,1.749,0.008,1.8,0.014,1.85,0.023,1.899,0.038,1.95,0.06,2.0,0.091,2.049,0.13,2.099,0.177,2.15,0.231,2.199,0.286
1.599,0.002,1.65,0.003,1.7,0.005,1.749,0.008,1.8,0.014,1.85,0.024,1.899,0.039,1.95,0.063,2.0,0.094,2.049,0.135,2.099,0.185,2.15,0.242,2.199,0.301
1.599,0.0,1.65,0.003,1.7,0.005,1.749,0.008,1.8,0.015,1.85,0.025,1.899,0.041,1.95,0.064,2.0,0.097,2.049,0.14,2.099,0.193,2.15,0.253,2.199,0.316
1.6,0.002,1.65,0.003,1.7,0.005,1.749,0.008,1.8,0.015,1.85,0.025,1.899,0.042,1.95,0.066,2.0,0.1,2.049,0.145,2.099,0.2,2.15,0.263,2.199,0.33
1.599,0.002,1.65,0.003,1.7,0.005,1.749,0.009,1.8,0.015,1.85,0.026,1.899,0.042,1.95,0.068,2.0,0.103,2.049,0.149,2.099,0.207,2.15,0.273,2.199,0.343
1.599,0.0,1.65,0.003,1.7,0.005,1.749,0.009,1.8,0.015,1.85,0.026,1.899,0.043,1.95,0.069,2.0,0.105,2.049,0.153,2.099,0.213,2.15,0.282,2.199,0.356
1.6,0.002,1.65,0.003,1.7,0.005,1.749,0.009,1.8,0.016,1.85,0.027,1.899,0.044,1.95,0.07,2.0,0.107,2.049,0.157,2.099,0.219,2.15,0.291,2.199,0.369
1.6,0.002,1.65,0.003,1.7,0.005,1.749,0.009,1.8,0.016,1.85,0.027,1.899,0.045,1.95,0.072,2.0,0.11,2.049,0.16,2.099,0.224,2.15,0.299,2.199,0.38
1.599,0.002,1.65,0.003,1.699,0.005,1.749,0.009,1.8,0.016,1.85,0.027,1.899,0.045,1.95,0.073,2.0,0.112,2.049,0.164,2.099,0.23,2.15,0.307,2.199,0.392
1.599,0.0,1.65,0.003,1.699,0.005,1.749,0.009,1.8,0.016,1.85,0.028,1.899,0.046,1.95,0.074,2.0,0.114,2.049,0.167,2.099,0.235,2.15,0.315,2.199,0.404
1.6,0.002,1.65,0.003,1.699,0.005,1.749,0.009,1.8,0.016,1.85,0.028,1.899,0.047,1.95,0.075,2.0,0.115,2.049,0.17,2.099,0.24,2.15,0.323,2.199,0.414
1.599,0.002,1.65,0.003,1.699,0.005,1.749,0.009,1.8,0.016,1.85,0.028,1.899,0.047,1.95,0.076,2.0,0.117,2.049,0.173,2.099,0.244,2.15,0.33,2.199,0.424
1.599,0.0,1.65,0.003,1.699,0.005,1.749,0.009,1.8,0.017,1.85,0.029,1.899,0.048,1.95,0.077,2.0,0.119,2.049,0.175,2.099,0.249,2.15,0.336,2.199,0.434
1.6,0.002,1.65,0.003,1.699,0.005,1.749,0.009,1.8,0.017,1.85,0.029,1.899,0.048,1.95,0.078,2.0,0.12,2.049,0.177,2.099,0.252,2.15,0.342,2.199,0.442
1.599,0.002,1.65,0.003,1.699,0.005,1.749,0.009,1.8,0.017,1.85,0.029,1.899,0.048,1.95,0.078,2.0,0.121,2.049,0.18,2.099,0.256,2.15,0.348,2.199,0.451
1.599,0.0,1.65,0.003,1.699,0.005,1.749,0.01,1.8,0.017,1.85,0.029,1.899,0.049,1.95,0.079,2.0,0.123,2.049,0.182,2.099,0.26,2.15,0.354,2.199,0.46
1.6,0.002,1.65,0.003,1.699,0.005,1.749,0.01,1.8,0.017,1.85,0.029,1.899,0.049,1.95,0.08,2.0,0.124,2.049,0.184,2.099,0.263,2.15,0.359,2.199,0.468
1.6,0.002,1.65,0.003,1.699,0.005,1.749,0.01,1.8,0.017,1.85,0.03,1.899,0.05,1.95,0.081,2.0,0.125,2.049,0.186,2.099,0.267,2.15,0.364,2.199,0.476
1.599,0.002,1.65,0.003,1.699,0.006,1.749,0.01,1.8,0.017,1.85,0.03,1.899,0.05,1.95,0.081,2.0,0.126,2.049,0.188,2.099,0.27,2.15,0.369,2.199,0.484
1.6,0.002,1.65,0.003,1.699,0.006,1.749,0.01,1.8,0.017,1.85,0.03,1.899,0.05,1.95,0.082,2.0,0.127,2.049,0.19,2.099,0.273,2.15,0.374,2.199,0.491
1.6,0.002,1.65,0.003,1.699,0.006,1.749,0.01,1.8,0.017,1.85,0.03,1.899,0.051,1.95,0.082,2.0,0.128,2.049,0.192,2.099,0.276,2.15,0.379,2.199,0.498
1.599,0.002,1.65,0.003,1.699,0.006,1.749,0.01,1.8,0.018,1.85,0.03,1.899,0.051,1.95,0.083,2.0,0.129,2.049,0.193,2.099,0.279,2.15,0.384,2.199,0.505
1.6,0.002,1.65,0.003,1.699,0.006,1.749,0.01,1.8,0.018,1.85,0.031,1.899,0.051,1.95,0.084,2.0,0.13,2.049,0.195,2.099,0.281,2.15,0.388,2.199,0.512
1.6,0.002,1.65,0.003,1.699,0.006,1.749,0.01,1.8,0.018,1.85,0.031,1.899,0.052,1.95,0.084,2.0,0.131,2.049,0.196,2.099,0.284,2.15,0.392,2.199,0.518
1.599,0.002,1.65,0.003,1.699,0.006,1.749,0.01,1.8,0.018,1.85,0.031,1.899,0.052,1.95,0.085,2.0,0.132,2.049,0.198,2.099,0.286,2.15,0.395,2.199,0.524
1.6,0.002,1.65,0.003,1.699,0.006,1.749,0.01,1.8,0.018,1.85,0.031,1.899,0.052,1.95,0.085,2.0,0.133,2.049,0.199,2.099,0.288,2.15,0.399,2.199,0.529
1.6,0.002,1.65,0.003,1.699,0.006,1.749,0.01,1.8,0.018,1.85,0.031,1.899,0.052,1.95,0.085,2.0,0.134,2.049,0.2,2.099,0.29,2.15,0.402,2.199,0.535
1.599,0.002,1.65,0.003,1.699,0.006,1.749,0.01,1.8,0.018,1.85,0.031,1.899,0.053,1.95,0.086,2.0,0.134,2.049,0.202,2.099,0.293,2.15,0.406,2.199,0.54
1.6,0.002,1.65,0.003,1.699,0.006,1.749,0.01,1.8,0.018,1.85,0.031,1.899,0.053,1.95,0.086,2.0,0.135,2.049,0.203,2.099,0.294,2.15,0.409,2.199,0.545
1.6,0.002,1.65,0.003,1.699,0.006,1.749,0.01,1.8,0.018,1.85,0.032,1.899,0.053,1.95,0.087,2.0,0.136,2.049,0.204,2.099,0.297,2.15,0.412,2.199,0.55
1.599,0.0,1.65,0.003,1.699,0.006,1.749,0.01,1.8,0.018,1.85,0.032,1.899,0.053,1.95,0.087,2.0,0.136,2.049,0.205,2.099,0.298,2.15,0.415,2.199,0.555
1.6,0.002,1.65,0.003,1.699,0.006,1.749,0.01,1.8,0.018,1.85,0.032,1.899,0.053,1.95,0.088,2.0,0.137,2.049,0.206,2.099,0.3,2.15,0.418,2.199,0.559
1.6,0.002,1.65,0.003,1.699,0.006,1.749,0.01,1.8,0.018,1.85,0.032,1.899,0.054,1.95,0.088,2.0,0.138,2.049,0.207,2.099,0.302,2.15,0.421,2.199,0.563
1.599,0.002,1.65,0.003,1.699,0.006,1.749,0.01,1.8,0.018,1.85,0.032,1.899,0.054,1.95,0.088,2.0,0.138,2.049,0.208,2.099,0.303,2.15,0.423,2.199,0.568
1.599,0.0,1.65,0.003,1.699,0.006,1.749,0.01,1.8,0.019,1.85,0.032,1.899,0.054,1.95,0.089,2.0,0.139,2.049,0.209,2.099,0.305,2.15,0.426,2.199,0.571
1.6,0.002,1.65,0.003,1.699,0.006,1.749,0.01,1.8,0.019,1.85,0.032,1.899,0.054,1.95,0.089,2.0,0.139,2.049,0.21,2.099,0.307,2.15,0.429,2.199,0.575
1.599,0.002,1.65,0.003,1.7,0.006,1.749,0.01,1.8,0.019,1.85,0.032,1.899,0.055,1.95,0.089,2.0,0.14,2.049,0.211,2.099,0.308,2.15,0.43,2.199,0.579
1.599,0.0,1.65,0.003,1.699,0.006,1.749,0.011,1.8,0.019,1.85,0.033,1.899,0.055,1.95,0.09,2.0,0.141,2.049,0.212,2.099,0.309,2.15,0.433,2.199,0.583
1.6,0.002,1.65,0.003,1.699,0.006,1.749,0.011,1.8,0.019,1.85,0.033,1.899,0.055,1.95,0.09,2.0,0.141,2.049,0.213,2.099,0.311,2.15,0.436,2.199,0.586
1.599,0.002,1.65,0.003,1.699,0.006,1.749,0.011,1.8,0.019,1.85,0.033,1.899,0.055,1.95,0.09,2.0,0.142,2.049,0.214,2.099,0.312,2.15,0.437,2.199,0.59
1.599,0.0,1.65,0.003,1.699,0.006,1.749,0.011,1.8,0.019,1.85,0.033,1.899,0.055,1.95,0.091,2.0,0.142,2.049,0.215,2.099,0.314,2.15,0.44,2.199,0.593
1.6,0.002,1.65,0.003,1.699,0.006,1.749,0.011,1.8,0.019,1.85,0.033,1.899,0.056,1.95,0.091,2.0,0.143,2.049,0.215,2.099,0.315,2.15,0.442,2.199,0.597
1.6,0.002,1.65,0.003,1.699,0.006,1.749,0.011,1.8,0.019,1.85,0.033,1.899,0.056,1.95,0.091,2.0,0.143,2.049,0.216,2.099,0.316,2.15,0.444,2.199,0.6
1.599,0.0,1.65,0.003,1.699,0.006,1.749,0.011,1.8,0.019,1.85,0.033,1.899,0.056,1.95,0.092,2.0,0.144,2.049,0.217,2.099,0.318,2.15,0.446,2.199,0.603
1.6,0.002,1.65,0.003,1.699,0.006,1.749,0.011,1.8,0.019,1.85,0.033,1.899,0.056,1.95,0.092,2.0,0.144,2.049,0.218,2.099,0.318,2.15,0.448,2.199,0.605
1.6,0.002,1.65,0.003,1.699,0.006,1.749,0.011,1.8,0.019,1.85,0.033,1.899,0.056,1.95,0.092,2.0,0.144,2.049,0.218,2.099,0.32,2.15,0.449,2.199,0.608
1.599,0.0,1.65,0.003,1.699,0.006,1.749,0.011,1.8,0.019,1.85,0.034,1.899,0.056,1.95,0.092,2.0,0.145,2.049,0.219,2.099,0.321,2.15,0.451,2.199,0.61
1.6,0.002,1.65,0.003,1.7,0.006,1.749,0.011,1.8,0.019,1.85,0.034,1.899,0.056,1.95,0.093,2.0,0.145,2.049,0.22,2.099,0.322,2.15,0.453,2.199,0.613
1.599,0.002,1.65,0.003,1.699,0.006,1.749,0.011,1.8,0.019,1.85,0.034,1.899,0.057,1.95,0.093,2.0,0.146,2.049,0.22,2.099,0.323,2.15,0.454,2.199,0.616
1.599,0.0,1.65,0.003,1.699,0.006,1.749,0.011,1.8,0.02,1.85,0.034,1.899,0.057,1.95,0.093,2.0,0.146,2.049,0.221,2.099,0.324,2.15,0.456,2.199,0.619
1.6,0.002,1.65,0.003,1.699,0.006,1.749,0.011,1.8,0.02,1.85,0.034,1.899,0.057,1.95,0.093,2.0,0.147,2.049,0.222,2.099,0.325,2.15,0.458,2.199,0.621
1.6,0.002,1.65,0.003,1.699,0.006,1.749,0.011,1.8,0.02,1.85,0.034,1.899,0.057,1.95,0.094,2.0,0.147,2.049,0.223,2.099,0.327,2.15,0.46,2.199,0.624
1.599,0.002,1.65,0.003,1.699,0.006,1.749,0.011,1.8,0.02,1.85,0.034,1.899,0.058,1.95,0.094,2.0,0.148,2.049,0.224,2.099,0.328,2.15,0.462,2.199,0.627
1.599,0.0,1.65,0.004,1.699,0.006,1.749,0.011,1.8,0.02,1.85,0.034,1.899,0.058,1.95,0.094,2.0,0.148,2.049,0.224,2.099,0.329,2.15,0.463,2.199,0.629
1.6,0.002,1.65,0.003,1.699,0.006,1.749,0.011,1.8,0.02,1.85,0.034,1.899,0.058,1.95,0.094,2.0,0.148,2.049,0.224,2.099,0.329,2.15,0.464,2.199,0.631
1.599,0.0,1.65,0.003,1.699,0.006,1.749,0.011,1.8,0.02,1.85,0.035,1.899,0.058,1.95,0.095,2.0,0.149,2.049,0.226,2.099,0.33,2.15,0.466,2.199,0.634
1.6,0.002,1.65,0.004,1.699,0.006,1.749,0.011,1.8,0.02,1.85,0.035,1.899,0.058,1.95,0.095,2.0,0.15,2.049,0.226,2.099,0.332,2.15,0.468,2.199,0.636
1.6,0.002,1.65,0.004,1.699,0.006,1.749,0.011,1.8,0.02,1.85,0.035,1.899,0.058,1.95,0.096,2.0,0.15,2.049,0.227,2.099,0.334,2.15,0.47,2.199,0.639
1.599,0.002,1.65,0.004,1.699,0.006,1.749,0.011,1.8,0.02,1.85,0.035,1.899,0.059,1.95,0.096,2.0,0.151,2.049,0.228,2.099,0.335,2.15,0.471,2.199,0.641
1.599,0.0,1.65,0.004,1.699,0.006,1.749,0.011,1.8,0.02,1.85,0.035,1.899,0.059,1.95,0.096,2.0,0.151,2.049,0.228,2.099,0.335,2.15,0.472,2.199,0.642
1.6,0.002,1.65,0.004,1.699,0.006,1.749,0.011,1.8,0.02,1.85,0.035,1.899,0.059,1.95,0.096,2.0,0.151,2.049,0.229,2.099,0.335,2.15,0.474,2.199,0.644
1.599,0.002,1.65,0.004,1.699,0.006,1.749,0.011,1.8,0.02,1.85,0.035,1.899,0.059,1.95,0.096,2.0,0.151,2.049,0.229,2.099,0.336,2.15,0.474,2.199,0.646
1.599,0.0,1.65,0.004,1.699,0.006,1.749,0.011,1.8,0.02,1.85,0.035,1.899,0.059,1.95,0.097,2.0,0.152,2.049,0.23,2.099,0.337,2.15,0.475,2.199,0.647
1.6,0.002,1.65,0.004,1.699,0.006,1.749,0.011,1.8,0.02,1.85,0.035,1.899,0.059,1.95,0.097,2.0,0.152,2.049,0.23,2.099,0.337,2.15,0.477,2.199,0.649
1.6,0.002,1.65,0.004,1.699,0.006,1.749,0.011,1.8,0.02,1.85,0.035,1.899,0.059,1.95,0.097,2.0,0.152,2.049,0.23,2.099,0.338,2.15,0.477,2.199,0.651
1.599,0.002,1.65,0.004,1.699,0.006,1.749,0.011,1.8,0.02,1.85,0.035,1.899,0.059,1.95,0.097,2.0,0.152,2.049,0.231,2.099,0.338,2.15,0.478,2.199,0.652
1.6,0.002,1.65,0.004,1.699,0.007,1.749,0.011,1.8,0.02,1.85,0.035,1.899,0.059,1.95,0.097,2.0,0.153,2.049,0.231,2.099,0.339,2.15,0.479,2.199,0.653
1.6,0.002,1.65,0.004,1.7,0.006,1.749,0.011,1.8,0.02,1.85,0.035,1.899,0.059,1.95,0.097,2.0,0.152,2.049,0.231,2.099,0.339,2.15,0.479,2.199,0.654
1.599,0.0,1.65,0.004,1.699,0.007,1.749,0.011,1.8,0.02,1.85,0.035,1.899,0.059,1.95,0.097,2.0,0.153,2.049,0.231,2.099,0.339,2.15,0.48,2.199,0.655
1.6,0.002,1.65,0.004,1.699,0.007,1.749,0.011,1.8,0.02,1.85,0.035,1.899,0.059,1.95,0.097,2.0,0.153,2.049,0.232,2.099,0.34,2.15,0.481,2.199,0.656
1.6,0.002,1.65,0.004,1.699,0.007,1.749,0.011,1.8,0.021,1.85,0.035,1.899,0.059,1.95,0.098,2.0,0.153,2.049,0.232,2.099,0.341,2.15,0.482,2.199,0.658
1.599,0.002,1.65,0.004,1.699,0.007,1.749,0.012,1.8,0.021,1.85,0.036,1.899,0.06,1.95,0.098,2.0,0.153,2.049,0.232,2.099,0.341,2.15,0.482,2.199,0.659
1.599,0.0,1.65,0.004,1.699,0.007,1.749,0.012,1.8,0.021,1.85,0.036,1.899,0.06,1.95,0.098,2.0,0.154,2.049,0.233,2.099,0.342,2.15,0.484,2.199,0.66
1.6,0.002,1.65,0.004,1.699,0.007,1.749,0.012,1.8,0.021,1.85,0.036,1.899,0.06,1.95,0.098,2.0,0.154,2.049,0.233,2.099,0.343,2.15,0.484,2.199,0.662
1.599,0.002,1.65,0.004,1.699,0.007,1.749,0.012,1.8,0.021,1.85,0.036,1.899,0.06,1.95,0.098,2.0,0.154,2.049,0.234,2.099,0.344,2.15,0.485,2.199,0.664
1.599,0.0,1.65,0.004,1.699,0.007,1.749,0.012,1.8,0.021,1.85,0.036,1.899,0.06,1.95,0.099,2.0,0.155,2.049,0.234,2.099,0.344,2.15,0.487,2.199,0.664
1.6,0.002,1.65,0.004,1.699,0.007,1.749,0.012,1.8,0.021,1.85,0.036,1.899,0.06,1.95,0.098,2.0,0.155,2.049,0.234,2.099,0.344,2.15,0.487,2.199,0.665
1.599,0.002,1.65,0.004,1.699,0.007,1.749,0.012,1.8,0.021,1.85,0.036,1.899,0.06,1.95,0.099,2.0,0.155,2.049,0.235,2.099,0.344,2.15,0.487,2.199,0.667
1.6,0.002,1.65,0.004,1.699,0.007,1.749,0.012,1.8,0.021,1.85,0.036,1.899,0.06,1.95,0.099,2.0,0.155,2.049,0.235,2.099,0.346,2.15,0.49,2.199,0.669
1.599,0.002,1.65,0.004,1.7,0.007,1.749,0.012,1.8,0.021,1.85,0.036,1.899,0.061,1.95,0.099,2.0,0.156,2.049,0.236,2.099,0.347,2.15,0.49,2.199,0.671
1.599,0.0,1.65,0.004,1.699,0.007,1.749,0.012,1.8,0.021,1.85,0.036,1.899,0.061,1.95,0.099,2.0,0.156,2.049,0.236,2.099,0.347,2.15,0.492,2.199,0.671
1.6,0.002,1.65,0.004,1.699,0.007,1.749,0.012,1.8,0.021,1.85,0.036,1.899,0.061,1.95,0.1,2.0,0.157,2.049,0.237,2.099,0.349,2.15,0.493,2.199,0.674
1.599,0.002,1.65,0.004,1.699,0.007,1.749,0.012,1.8,0.021,1.85,0.036,1.899,0.061,1.95,0.1,2.0,0.157,2.049,0.237,2.099,0.349,2.15,0.493,2.199,0.675
1.599,0.0,1.65,0.004,1.699,0.007,1.749,0.012,1.8,0.021,1.85,0.037,1.899,0.061,1.95,0.1,2.0,0.157,2.049,0.238,2.099,0.349,2.15,0.495,2.199,0.676
1.6,0.002,1.65,0.004,1.699,0.007,1.749,0.012,1.8,0.021,1.85,0.037,1.899,0.061,1.95,0.1,2.0,0.157,2.049,0.238,2.099,0.35,2.15,0.496,2.199,0.677
1.599,0.002,1.65,0.004,1.699,0.007,1.749,0.012,1.8,0.021,1.85,0.037,1.899,0.061,1.95,0.1,2.0,0.157,2.049,0.238,2.099,0.35,2.15,0.496,2.199,0.679
1.599,0.0,1.65,0.004,1.699,0.007,1.749,0.012,1.8,0.021,1.85,0.037,1.899,0.061,1.95,0.101,2.0,0.158,2.049,0.239,2.099,0.351,2.15,0.497,2.199,0.681
1.6,0.002,1.65,0.004,1.7,0.007,1.749,0.012,1.8,0.021,1.85,0.037,1.899,0.062,1.95,0.101,2.0,0.158,2.049,0.239,2.099,0.352,2.15,0.499,2.199,0.681
1.599,0.002,1.65,0.004,1.699,0.007,1.749,0.012,1.8,0.021,1.85,0.037,1.899,0.062,1.95,0.101,2.0,0.158,2.049,0.24,2.099,0.353,2.15,0.499,2.199,0.683
1.599,0.0,1.65,0.004,1.699,0.007,1.749,0.012,1.8,0.022,1.85,0.037,1.899,0.062,1.95,0.102,2.0,0.159,2.049,0.241,2.099,0.354,2.15,0.501,2.199,0.684
1.6,0.002,1.65,0.004,1.699,0.007,1.749,0.012,1.8,0.022,1.85,0.037,1.899,0.062,1.95,0.101,2.0,0.159,2.049,0.241,2.099,0.354,2.15,0.501,2.199,0.684
1.599,0.002,1.65,0.004,1.699,0.007,1.749,0.012,1.8,0.022,1.85,0.037,1.899,0.062,1.95,0.102,2.0,0.159,2.049,0.241,2.099,0.355,2.15,0.501,2.199,0.687
1.599,0.0,1.65,0.004,1.699,0.007,1.749,0.012,1.8,0.022,1.85,0.037,1.899,0.062,1.95,0.102,2.0,0.16,2.049,0.242,2.099,0.355,2.15,0.503,2.199,0.688
1.6,0.002,1.65,0.004,1.699,0.007,1.749,0.012,1.8,0.022,1.85,0.037,1.899,0.063,1.95,0.102,2.0,0.16,2.049,0.242,2.099,0.356,2.15,0.505,2.199,0.689
1.599,0.002,1.65,0.004,1.699,0.007,1.749,0.012,1.8,0.022,1.85,0.037,1.899,0.063,1.95,0.102,2.0,0.16,2.049,0.242,2.099,0.356,2.15,0.504,2.199,0.69
1.599,0.0,1.65,0.004,1.699,0.007,1.749,0.012,1.8,0.022,1.85,0.038,1.899,0.063,1.95,0.102,2.0,0.161,2.049,0.243,2.099,0.357,2.15,0.505,2.199,0.692
1.6,0.002,1.65,0.004,1.7,0.007,1.749,0.012,1.8,0.022,1.85,0.038,1.899,0.063,1.95,0.103,2.0,0.161,2.049,0.244,2.099,0.358,2.15,0.508,2.199,0.693
1.599,0.002,1.65,0.004,1.699,0.007,1.749,0.012,1.8,0.022,1.85,0.038,1.899,0.063,1.95,0.103,2.0,0.162,2.049,0.244,2.099,0.359,2.15,0.507,2.199,0.695
1.599,0.0,1.65,0.004,1.699,0.007,1.749,0.013,1.8,0.022,1.85,0.038,1.899,0.063,1.95,0.103,2.0,0.162,2.049,0.245,2.099,0.36,2.15,0.51,2.199,0.696
1.6,0.002,1.65,0.004,1.699,0.007,1.749,0.013,1.8,0.022,1.85,0.038,1.899,0.064,1.95,0.104,2.0,0.162,2.049,0.245,2.099,0.36,2.15,0.51,2.199,0.697
1.599,0.002,1.65,0.004,1.699,0.007,1.749,0.013,1.8,0.022,1.85,0.038,1.899,0.064,1.95,0.104,2.0,0.162,2.049,0.245,2.099,0.361,2.15,0.51,2.199,0.698
1.599,0.0,1.65,0.004,1.699,0.007,1.749,0.013,1.8,0.022,1.85,0.038,1.899,0.064,1.95,0.104,2.0,0.163,2.049,0.246,2.099,0.361,2.15,0.511,2.199,0.699
1.6,0.002,1.65,0.004,1.699,0.007,1.749,0.013,1.8,0.022,1.85,0.038,1.899,0.064,1.95,0.104,2.0,0.163,2.049,0.246,2.099,0.361,2.15,0.51,2.199,0.7
1.599,0.0,1.65,0.004,1.699,0.007,1.749,0.013,1.8,0.022,1.85,0.038,1.899,0.064,1.95,0.104,2.0,0.163,2.049,0.246,2.099,0.361,2.15,0.511,2.199,0.701
1.6,0.002,1.65,0.004,1.699,0.007,1.749,0.013,1.8,0.022,1.85,0.038,1.899,0.064,1.95,0.104,2.0,0.163,2.049,0.247,2.099,0.363,2.15,0.514,2.199,0.702
1.6,0.002,1.65,0.004,1.699,0.007,1.749,0.013,1.8,0.022,1.85,0.038,1.899,0.064,1.95,0.104,2.0,0.163,2.049,0.247,2.099,0.363,2.15,0.513,2.199,0.703
1.599,0.0,1.65,0.004,1.699,0.007,1.749,0.013,1.8,0.022,1.85,0.038,1.899,0.064,1.95,0.105,2.0,0.164,2.049,0.248,2.099,0.363,2.15,0.514,2.199,0.705
1.6,0.002,1.65,0.004,1.699,0.007,1.749,0.013,1.8,0.022,1.85,0.038,1.899,0.064,1.95,0.105,2.0,0.164,2.049,0.248,2.099,0.364,2.15,0.517,2.199,0.706
1.6,0.002,1.65,0.004,1.699,0.007,1.749,0.013,1.8,0.022,1.85,0.039,1.899,0.065,1.95,0.105,2.0,0.165,2.049,0.249,2.099,0.366,2.15,0.517,2.199,0.709
1.599,0.0,1.65,0.004,1.699,0.007,1.749,0.013,1.8,0.023,1.85,0.039,1.899,0.065,1.95,0.105,2.0,0.165,2.049,0.249,2.099,0.365,2.15,0.517,2.199,0.709
1.6,0.002,1.65,0.004,1.699,0.007,1.749,0.013,1.8,0.023,1.85,0.039,1.899,0.065,1.95,0.105,2.0,0.165,2.049,0.249,2.099,0.366,2.15,0.519,2.199,0.709
1.599,0.002,1.65,0.004,1.699,0.007,1.749,0.013,1.8,0.023,1.85,0.039,1.899,0.065,1.95,0.106,2.0,0.165,2.049,0.249,2.099,0.366,2.15,0.517,2.199,0.71
1.599,0.0,1.65,0.004,1.699,0.007,1.749,0.013,1.8,0.023,1.85,0.039,1.899,0.065,1.95,0.106,2.0,0.166,2.049,0.25,2.099,0.367,2.15,0.52,2.199,0.712
1.6,0.002,1.65,0.004,1.699,0.007,1.749,0.013,1.8,0.023,1.85,0.039,1.899,0.065,1.95,0.106,2.0,0.166,2.049,0.251,2.099,0.368,2.15,0.521,2.199,0.712
1.6,0.002,1.65,0.004,1.699,0.007,1.749,0.013,1.8,0.023,1.85,0.039,1.899,0.065,1.95,0.106,2.0,0.166,2.049,0.25,2.099,0.368,2.15,0.52,2.199,0.713
1.599,0.0,1.65,0.004,1.699,0.007,1.749,0.013,1.8,0.023,1.85,0.039,1.899,0.065,1.95,0.106,2.0,0.166,2.049,0.251,2.099,0.368,2.15,0.522,2.199,0.715
1.6,0.002,1.65,0.004,1.699,0.007,1.749,0.013,1.8,0.023,1.85,0.039,1.899,0.065,1.95,0.107,2.0,0.167,2.049,0.252,2.099,0.37,2.15,0.524,2.199,0.716
1.6,0.002,1.65,0.004,1.699,0.007,1.749,0.013,1.8,0.023,1.85,0.039,1.899,0.066,1.95,0.107,2.0,0.167,2.049,0.252,2.099,0.37,2.15,0.523,2.199,0.717
1.599,0.002,1.65,0.004,1.699,0.007,1.749,0.013,1.8,0.023,1.85,0.039,1.899,0.066,1.95,0.107,2.0,0.167,2.049,0.252,2.099,0.37,2.15,0.524,2.199,0.719
1.6,0.002,1.65,0.004,1.699,0.007,1.749,0.013,1.8,0.023,1.85,0.04,1.899,0.066,1.95,0.107,2.0,0.168,2.049,0.254,2.099,0.372,2.15,0.526,2.199,0.719
1.6,0.002,1.65,0.004,1.699,0.007,1.749,0.013,1.8,0.023,1.85,0.04,1.899,0.066,1.95,0.107,2.0,0.168,2.049,0.253,2.099,0.372,2.15,0.525,2.199,0.72
1.599,0.002,1.65,0.004,1.699,0.007,1.749,0.013,1.8,0.023,1.85,0.04,1.899,0.066,1.95,0.108,2.0,0.168,2.049,0.254,2.099,0.372,2.15,0.526,2.199,0.721
1.599,0.0,1.65,0.004,1.699,0.008,1.749,0.013,1.8,0.023,1.85,0.04,1.899,0.066,1.95,0.108,2.0,0.168,2.049,0.254,2.099,0.372,2.15,0.527,2.199,0.72
1.6,0.002,1.65,0.004,1.699,0.007,1.749,0.013,1.8,0.023,1.85,0.04,1.899,0.066,1.95,0.107,2.0,0.168,2.049,0.253,2.099,0.372,2.15,0.526,2.199,0.721
1.599,0.002,1.65,0.004,1.699,0.007,1.749,0.013,1.8,0.023,1.85,0.04,1.899,0.066,1.95,0.108,2.0,0.168,2.049,0.254,2.099,0.372,2.15,0.527,2.199,0.723
1.6,0.002,1.65,0.004,1.699,0.008,1.749,0.013,1.8,0.023,1.85,0.04,1.899,0.066,1.95,0.108,2.0,0.169,2.049,0.255,2.099,0.374,2.15,0.53,2.199,0.724
1.6,0.002,1.65,0.004,1.699,0.008,1.749,0.013,1.8,0.023,1.85,0.04,1.899,0.066,1.95,0.108,2.0,0.169,2.049,0.255,2.099,0.374,2.15,0.528,2.199,0.724
1.599,0.002,1.65,0.004,1.699,0.008,1.749,0.013,1.8,0.023,1.85,0.04,1.899,0.067,1.95,0.108,2.0,0.169,2.049,0.255,2.099,0.375,2.15,0.529,2.199,0.726
1.6,0.002,1.65,0.004,1.699,0.008,1.749,0.013,1.8,0.023,1.85,0.04,1.899,0.067,1.95,0.108,2.0,0.169,2.049,0.256,2.099,0.375,2.15,0.531,2.199,0.725
1.6,0.002,1.65,0.004,1.699,0.008,1.749,0.013,1.8,0.023,1.85,0.04,1.899,0.066,1.95,0.108,2.0,0.169,2.049,0.255,2.099,0.375,2.15,0.529,2.199,0.727
1.599,0.002,1.65,0.004,1.699,0.008,1.749,0.013,1.8,0.023,1.85,0.04,1.899,0.067,1.95,0.108,2.0,0.169,2.049,0.256,2.099,0.375,2.15,0.53,2.199,0.728
1.6,0.002,1.65,0.004,1.699,0.008,1.749,0.013,1.8,0.023,1.85,0.04,1.899,0.067,1.95,0.109,2.0,0.17,2.049,0.257,2.099,0.376,2.15,0.533,2.199,0.728
1.6,0.002,1.65,0.004,1.699,0.008,1.749,0.013,1.8,0.023,1.85,0.04,1.899,0.067,1.95,0.109,2.0,0.17,2.049,0.257,2.099,0.377,2.15,0.532,2.199,0.731
1.599,0.0,1.65,0.004,1.699,0.008,1.749,0.014,1.8,0.024,1.85,0.041,1.899,0.067,1.95,0.109,2.0,0.171,2.049,0.257,2.099,0.377,2.15,0.533,2.199,0.732
1.6,0.002,1.65,0.004,1.699,0.008,1.749,0.014,1.8,0.024,1.85,0.041,1.899,0.068,1.95,0.11,2.0,0.172,2.049,0.259,2.099,0.379,2.15,0.537,2.199,0.733
1.6,0.002,1.65,0.004,1.699,0.008,1.749,0.014,1.8,0.024,1.85,0.041,1.899,0.068,1.95,0.11,2.0,0.172,2.049,0.258,2.099,0.379,2.15,0.538,2.199,0.735
1.599,0.003,1.65,0.004,1.699,0.008,1.749,0.014,1.8,0.024,1.85,0.041,1.899,0.068,1.95,0.11,2.0,0.172,2.049,0.259,2.099,0.38,2.15,0.536,2.199,0.736
1.599,0.0,1.65,0.004,1.699,0.008,1.749,0.014,1.8,0.024,1.85,0.041,1.899,0.068,1.95,0.11,2.0,0.172,2.049,0.259,2.099,0.38,2.15,0.538,2.199,0.735
1.6,0.003,1.65,0.004,1.699,0.008,1.749,0.014,1.8,0.024,1.85,0.041,1.899,0.068,1.95,0.11,2.0,0.172,2.049,0.259,2.099,0.38,2.15,0.536,2.199,0.735
1.599,0.003,1.65,0.004,1.699,0.008,1.749,0.014,1.8,0.024,1.85,0.041,1.899,0.068,1.95,0.11,2.0,0.172,2.049,0.26,2.099,0.38,2.15,0.538,2.199,0.739
1.6,0.003,1.65,0.004,1.699,0.008,1.749,0.014,1.8,0.024,1.85,0.041,1.899,0.068,1.95,0.111,2.0,0.173,2.049,0.26,2.099,0.381,2.15,0.54,2.199,0.737
1.6,0.003,1.65,0.004,1.699,0.008,1.749,0.014,1.8,0.024,1.85,0.041,1.899,0.068,1.95,0.111,2.0,0.173,2.049,0.261,2.099,0.383,2.15,0.542,2.199,0.741
1.599,0.003,1.65,0.004,1.699,0.008,1.749,0.014,1.8,0.024,1.85,0.041,1.899,0.069,1.95,0.111,2.0,0.173,2.049,0.262,2.099,0.384,2.15,0.541,2.199,0.743
1.599,0.0,1.65,0.004,1.699,0.008,1.749,0.014,1.8,0.024,1.85,0.042,1.899,0.069,1.95,0.112,2.0,0.174,2.049,0.263,2.099,0.384,2.15,0.544,2.199,0.742
1.6,0.003,1.65,0.004,1.699,0.008,1.749,0.014,1.8,0.024,1.85,0.041,1.899,0.069,1.95,0.112,2.0,0.174,2.049,0.262,2.099,0.384,2.15,0.544,2.199,0.743
1.599,0.003,1.65,0.004,1.699,0.008,1.749,0.014,1.8,0.024,1.85,0.041,1.899,0.069,1.95,0.111,2.0,0.174,2.049,0.262,2.099,0.384,2.15,0.542,2.199,0.744
1.599,0.0,1.65,0.004,1.699,0.008,1.749,0.014,1.8,0.024,1.85,0.042,1.899,0.069,1.95,0.112,2.0,0.175,2.049,0.263,2.099,0.385,2.15,0.545,2.199,0.745
1.6,0.003,1.65,0.004,1.699,0.008,1.749,0.014,1.8,0.024,1.85,0.042,1.899,0.069,1.95,0.112,2.0,0.174,2.049,0.262,2.099,0.385,2.15,0.545,2.199,0.745
1.599,0.003,1.65,0.004,1.699,0.008,1.749,0.014,1.8,0.024,1.85,0.042,1.899,0.069,1.95,0.112,2.0,0.174,2.049,0.263,2.099,0.385,2.15,0.544,2.199,0.747
1.599,0.0,1.65,0.005,1.699,0.008,1.749,0.014,1.8,0.024,1.85,0.042,1.899,0.069,1.95,0.112,2.0,0.175,2.049,0.264,2.099,0.386,2.15,0.547,2.199,0.747
1.6,0.003,1.65,0.004,1.699,0.008,1.749,0.014,1.8,0.025,1.85,0.042,1.899,0.07,1.95,0.113,2.0,0.175,2.049,0.264,2.099,0.386,2.15,0.545,2.199,0.748
1.599,0.003,1.65,0.005,1.699,0.008,1.749,0.014,1.8,0.024,1.85,0.042,1.899,0.069,1.95,0.112,2.0,0.175,2.049,0.264,2.099,0.387,2.15,0.546,2.199,0.749
1.599,0.0,1.65,0.005,1.699,0.008,1.749,0.014,1.8,0.024,1.85,0.042,1.899,0.069,1.95,0.113,2.0,0.175,2.049,0.265,2.099,0.387,2.15,0.548,2.199,0.749
1.6,0.003,1.65,0.005,1.699,0.008,1.749,0.014,1.8,0.025,1.85,0.042,1.899,0.07,1.95,0.113,2.0,0.176,2.049,0.264,2.099,0.388,2.15,0.547,2.199,0.75
1.599,0.003,1.65,0.005,1.699,0.008,1.749,0.014,1.8,0.025,1.85,0.042,1.899,0.07,1.95,0.113,2.0,0.176,2.049,0.265,2.099,0.388,2.15,0.549,2.199,0.754
1.6,0.003,1.65,0.005,1.699,0.008,1.749,0.014,1.8,0.025,1.85,0.042,1.899,0.07,1.95,0.114,2.0,0.177,2.049,0.266,2.099,0.389,2.15,0.552,2.199,0.757
1.6,0.003,1.65,0.005,1.699,0.008,1.749,0.014,1.8,0.025,1.85,0.043,1.899,0.07,1.95,0.114,2.0,0.178,2.049,0.267,2.099,0.391,2.15,0.554,2.199,0.756
1.599,0.003,1.65,0.005,1.699,0.008,1.749,0.014,1.8,0.025,1.85,0.043,1.899,0.07,1.95,0.114,2.0,0.178,2.049,0.267,2.099,0.391,2.15,0.552,2.199,0.758
1.599,0.0,1.65,0.005,1.699,0.008,1.749,0.014,1.8,0.025,1.85,0.043,1.899,0.071,1.95,0.114,2.0,0.178,2.049,0.268,2.099,0.392,2.15,0.554,2.199,0.761
1.6,0.003,1.65,0.005,1.699,0.008,1.749,0.015,1.8,0.025,1.85,0.043,1.899,0.071,1.95,0.115,2.0,0.179,2.049,0.269,2.099,0.395,2.15,0.559,2.199,0.762
1.599,0.003,1.65,0.005,1.699,0.008,1.749,0.015,1.8,0.025,1.85,0.043,1.899,0.072,1.95,0.116,2.0,0.18,2.049,0.271,2.099,0.396,2.15,0.558,2.199,0.765
1.599,0.0,1.65,0.005,1.699,0.008,1.749,0.015,1.8,0.026,1.85,0.044,1.899,0.072,1.95,0.116,2.0,0.181,2.049,0.271,2.099,0.396,2.15,0.56,2.199,0.764
1.6,0.003,1.65,0.005,1.699,0.008,1.749,0.015,1.8,0.026,1.85,0.043,1.899,0.072,1.95,0.116,2.0,0.18,2.049,0.271,2.099,0.397,2.15,0.558,2.199,0.766
1.599,0.003,1.65,0.005,1.699,0.008,1.749,0.015,1.8,0.026,1.85,0.044,1.899,0.072,1.95,0.116,2.0,0.18,2.049,0.271,2.099,0.396,2.15,0.56,2.199,0.768
1.6,0.003,1.65,0.005,1.699,0.008,1.749,0.015,1.8,0.026,1.85,0.044,1.899,0.072,1.95,0.116,2.0,0.18,2.049,0.271,2.099,0.396,2.15,0.561,2.199,0.764
1.6,0.003,1.65,0.005,1.699,0.008,1.749,0.015,1.8,0.026,1.85,0.044,1.899,0.072,1.95,0.116,2.0,0.181,2.049,0.271,2.099,0.398,2.15,0.562,2.199,0.767
1.6,0.003,1.65,0.005,1.699,0.008,1.749,0.015,1.8,0.026,1.85,0.044,1.899,0.072,1.95,0.117,2.0,0.181,2.049,0.272,2.099,0.399,2.15,0.562,2.199,0.771
1.599,0.003,1.65,0.005,1.699,0.009,1.749,0.015,1.8,0.026,1.85,0.044,1.899,0.073,1.95,0.117,2.0,0.182,2.049,0.274,2.099,0.401,2.15,0.564,2.199,0.773
1.599,0.0,1.65,0.005,1.699,0.009,1.749,0.015,1.8,0.026,1.849,0.044,1.899,0.073,1.95,0.118,2.0,0.183,2.049,0.274,2.099,0.4,2.15,0.565,2.199,0.774
1.6,0.003,1.65,0.005,1.699,0.009,1.749,0.015,1.8,0.026,1.85,0.044,1.899,0.073,1.95,0.118,2.0,0.183,2.049,0.274,2.099,0.4,2.15,0.566,2.199,0.772
1.6,0.003,1.65,0.005,1.699,0.009,1.749,0.015,1.8,0.026,1.85,0.044,1.899,0.073,1.95,0.118,2.0,0.183,2.049,0.274,2.099,0.402,2.15,0.566,2.199,0.774
1.599,0.003,1.65,0.005,1.699,0.009,1.749,0.015,1.8,0.026,1.85,0.044,1.899,0.073,1.95,0.118,2.0,0.183,2.049,0.276,2.099,0.402,2.15,0.568,2.199,0.779
1.599,0.0,1.65,0.005,1.699,0.009,1.749,0.015,1.8,0.026,1.85,0.045,1.899,0.074,1.95,0.119,2.0,0.184,2.049,0.276,2.099,0.404,2.15,0.57,2.199,0.777
1.6,0.003,1.65,0.005,1.699,0.009,1.749,0.015,1.8,0.026,1.85,0.045,1.899,0.074,1.95,0.119,2.0,0.184,2.049,0.275,2.099,0.403,2.15,0.567,2.199,0.778
1.599,0.003,1.65,0.005,1.699,0.009,1.749,0.015,1.8,0.026,1.85,0.045,1.899,0.073,1.95,0.118,2.0,0.184,2.049,0.276,2.099,0.404,2.15,0.568,2.199,0.779
1.599,0.0,1.65,0.005,1.699,0.009,1.749,0.015,1.8,0.026,1.85,0.045,1.899,0.074,1.95,0.119,2.0,0.184,2.049,0.277,2.099,0.404,2.15,0.571,2.199,0.783
1.6,0.003,1.65,0.005,1.699,0.009,1.749,0.015,1.8,0.027,1.85,0.045,1.899,0.074,1.95,0.12,2.0,0.186,2.049,0.278,2.099,0.407,2.15,0.574,2.199,0.782
1.599,0.003,1.65,0.005,1.699,0.009,1.749,0.015,1.8,0.027,1.85,0.045,1.899,0.074,1.95,0.119,2.0,0.184,2.049,0.277,2.099,0.405,2.15,0.569,2.199,0.781
1.599,0.0,1.65,0.005,1.699,0.009,1.749,0.015,1.8,0.026,1.85,0.045,1.899,0.074,1.95,0.119,2.0,0.185,2.049,0.277,2.099,0.404,2.15,0.572,2.199,0.784
1.6,0.003,1.65,0.005,1.699,0.009,1.749,0.015,1.8,0.027,1.85,0.045,1.899,0.074,1.95,0.12,2.0,0.186,2.049,0.279,2.099,0.408,2.15,0.577,2.199,0.786
1.599,0.003,1.65,0.005,1.699,0.009,1.749,0.015,1.8,0.027,1.85,0.046,1.899,0.075,1.95,0.121,2.0,0.187,2.049,0.28,2.099,0.409,2.15,0.575,2.199,0.788
1.599,0.0,1.65,0.005,1.699,0.009,1.749,0.016,1.8,0.027,1.85,0.046,1.899,0.075,1.95,0.121,2.0,0.187,2.049,0.28,2.099,0.408,2.15,0.576,2.199,0.79
1.599,0.003,1.65,0.005,1.699,0.009,1.749,0.016,1.8,0.027,1.85,0.046,1.899,0.075,1.95,0.121,2.0,0.187,2.049,0.28,2.099,0.408,2.15,0.577,2.199,0.786
1.6,0.003,1.65,0.005,1.699,0.009,1.749,0.015,1.8,0.027,1.85,0.045,1.899,0.075,1.95,0.12,2.0,0.186,2.049,0.279,2.099,0.408,2.15,0.574,2.199,0.787
1.599,0.003,1.65,0.005,1.699,0.009,1.749,0.015,1.8,0.027,1.85,0.045,1.899,0.074,1.95,0.12,2.0,0.186,2.049,0.279,2.099,0.406,2.15,0.574,2.199,0.787
1.6,0.003,1.65,0.005,1.699,0.009,1.749,0.015,1.8,0.027,1.85,0.045,1.899,0.075,1.95,0.121,2.0,0.187,2.049,0.28,2.099,0.408,2.15,0.577,2.199,0.786
1.599,0.003,1.65,0.005,1.699,0.009,1.749,0.016,1.8,0.027,1.85,0.046,1.899,0.075,1.95,0.121,2.0,0.187,2.049,0.28,2.099,0.41,2.15,0.58,2.199,0.79
1.599,0.003,1.65,0.005,1.699,0.009,1.749,0.016,1.8,0.027,1.85,0.045,1.899,0.075,1.95,0.121,2.0,0.187,2.049,0.28,2.099,0.41,2.15,0.576,2.199,0.791
1.599,0.0,1.65,0.005,1.699,0.009,1.749,0.016,1.8,0.027,1.85,0.046,1.899,0.075,1.95,0.121,2.0,0.188,2.049,0.282,2.099,0.411,2.15,0.581,2.199,0.796
1.6,0.003,1.65,0.005,1.699,0.009,1.749,0.016,1.8,0.027,1.85,0.046,1.899,0.076,1.95,0.122,2.0,0.189,2.049,0.283,2.099,0.412,2.15,0.583,2.199,0.794
1.6,0.003,1.65,0.005,1.699,0.009,1.749,0.016,1.8,0.027,1.85,0.046,1.899,0.075,1.95,0.121,2.0,0.188,2.049,0.281,2.099,0.411,2.15,0.578,2.199,0.792
1.599,0.003,1.65,0.005,1.699,0.009,1.749,0.016,1.8,0.027,1.85,0.046,1.899,0.075,1.95,0.121,2.0,0.187,2.049,0.281,2.099,0.411,2.15,0.578,2.199,0.794
1.599,0.0,1.65,0.005,1.699,0.009,1.749,0.016,1.8,0.027,1.85,0.046,1.899,0.076,1.95,0.122,2.0,0.189,2.049,0.283,2.099,0.413,2.15,0.584,2.199,0.796
1.6,0.003,1.65,0.005,1.699,0.009,1.749,0.016,1.8,0.027,1.85,0.046,1.899,0.076,1.95,0.122,2.0,0.189,2.049,0.283,2.099,0.414,2.15,0.582,2.199,0.799
1.599,0.0,1.65,0.005,1.699,0.009,1.749,0.016,1.8,0.028,1.85,0.047,1.899,0.076,1.95,0.123,2.0,0.19,2.049,0.284,2.099,0.414,2.15,0.585,2.199,0.801
1.6,0.003,1.65,0.005,1.699,0.009,1.749,0.016,1.8,0.028,1.85,0.047,1.899,0.076,1.95,0.123,2.0,0.19,2.049,0.284,2.099,0.414,2.15,0.585,2.199,0.796
1.6,0.003,1.65,0.005,1.699,0.009,1.749,0.016,1.8,0.027,1.85,0.046,1.899,0.076,1.95,0.122,2.0,0.189,2.049,0.283,2.099,0.414,2.15,0.582,2.199,0.797
1.599,0.003,1.65,0.005,1.699,0.009,1.749,0.016,1.8,0.028,1.849,0.046,1.899,0.076,1.95,0.122,2.0,0.19,2.049,0.284,2.099,0.414,2.15,0.585,2.199,0.802
1.599,0.003,1.65,0.005,1.699,0.009,1.749,0.016,1.8,0.028,1.85,0.047,1.899,0.077,1.95,0.123,2.0,0.191,2.049,0.286,2.099,0.416,2.15,0.589,2.199,0.802
1.6,0.003,1.65,0.005,1.699,0.009,1.749,0.016,1.8,0.028,1.85,0.047,1.899,0.077,1.95,0.124,2.0,0.191,2.049,0.286,2.099,0.418,2.15,0.59,2.199,0.803
1.599,0.003,1.65,0.005,1.699,0.009,1.749,0.016,1.8,0.028,1.849,0.047,1.899,0.077,1.95,0.124,2.0,0.191,2.049,0.286,2.099,0.418,2.15,0.588,2.199,0.807
1.599,0.0,1.65,0.006,1.699,0.009,1.749,0.016,1.8,0.028,1.85,0.048,1.899,0.078,1.95,0.125,2.0,0.193,2.049,0.289,2.099,0.42,2.15,0.594,2.199,0.813
1.6,0.003,1.65,0.006,1.699,0.01,1.749,0.017,1.8,0.029,1.85,0.048,1.899,0.079,1.95,0.127,2.0,0.195,2.049,0.292,2.099,0.424,2.15,0.599,2.199,0.814
1.6,0.003,1.65,0.006,1.699,0.01,1.749,0.016,1.8,0.028,1.849,0.048,1.899,0.078,1.95,0.126,2.0,0.194,2.049,0.29,2.099,0.423,2.15,0.593,2.199,0.814
1.599,0.003,1.65,0.006,1.699,0.01,1.749,0.017,1.8,0.029,1.849,0.048,1.899,0.079,1.95,0.126,2.0,0.195,2.049,0.291,2.099,0.423,2.15,0.596,2.199,0.816
1.6,0.003,1.65,0.006,1.699,0.01,1.749,0.017,1.8,0.029,1.85,0.048,1.899,0.079,1.95,0.126,2.0,0.195,2.049,0.291,2.099,0.424,2.15,0.598,2.199,0.813
1.6,0.003,1.65,0.006,1.699,0.01,1.749,0.016,1.8,0.029,1.849,0.048,1.899,0.078,1.95,0.126,2.0,0.194,2.049,0.289,2.099,0.422,2.15,0.593,2.199,0.811
1.599,0.003,1.65,0.006,1.699,0.009,1.749,0.016,1.8,0.028,1.85,0.048,1.899,0.078,1.95,0.125,2.0,0.193,2.049,0.289,2.099,0.422,2.15,0.593,2.199,0.814
1.599,0.0,1.65,0.006,1.699,0.01,1.749,0.017,1.8,0.028,1.85,0.048,1.899,0.079,1.95,0.126,2.0,0.194,2.049,0.291,2.099,0.423,2.15,0.597,2.199,0.812
1.6,0.003,1.65,0.006,1.699,0.009,1.749,0.016,1.8,0.028,1.85,0.048,1.899,0.078,1.95,0.125,2.0,0.193,2.049,0.289,2.099,0.422,2.15,0.596,2.199,0.811
1.599,0.003,1.65,0.006,1.699,0.009,1.749,0.016,1.8,0.028,1.85,0.048,1.899,0.078,1.95,0.125,2.0,0.193,2.049,0.289,2.099,0.422,2.15,0.592,2.199,0.813
1.599,0.0,1.65,0.006,1.699,0.01,1.749,0.016,1.8,0.028,1.85,0.048,1.899,0.078,1.95,0.126,2.0,0.194,2.049,0.291,2.099,0.422,2.15,0.597,2.199,0.812
1.6,0.003,1.65,0.006,1.699,0.009,1.749,0.016,1.8,0.028,1.85,0.048,1.899,0.078,1.95,0.125,2.0,0.193,2.049,0.289,2.099,0.422,2.15,0.597,2.199,0.812
1.599,0.003,1.65,0.006,1.699,0.009,1.749,0.016,1.8,0.028,1.85,0.048,1.899,0.078,1.95,0.125,2.0,0.194,2.049,0.289,2.099,0.423,2.15,0.595,2.199,0.817
1.599,0.0,1.65,0.006,1.699,0.01,1.749,0.017,1.8,0.029,1.85,0.048,1.899,0.079,1.95,0.126,2.0,0.195,2.049,0.292,2.099,0.424,2.15,0.599,2.199,0.822
1.6,0.003,1.65,0.006,1.699,0.01,1.749,0.017,1.8,0.029,1.85,0.049,1.899,0.08,1.95,0.127,2.0,0.196,2.049,0.293,2.099,0.427,2.15,0.603,2.199,0.819
1.6,0.003,1.65,0.006,1.699,0.01,1.749,0.017,1.8,0.029,1.85,0.048,1.899,0.079,1.95,0.127,2.0,0.195,2.049,0.292,2.099,0.426,2.15,0.598,2.199,0.821
1.599,0.003,1.65,0.006,1.699,0.01,1.749,0.017,1.8,0.029,1.85,0.049,1.899,0.079,1.95,0.127,2.0,0.196,2.049,0.294,2.099,0.426,2.15,0.601,2.199,0.824
1.6,0.003,1.65,0.006,1.699,0.01,1.749,0.017,1.8,0.029,1.85,0.049,1.899,0.08,1.95,0.128,2.0,0.197,2.049,0.295,2.099,0.428,2.15,0.604,2.199,0.822
1.6,0.003,1.65,0.006,1.699,0.01,1.749,0.017,1.8,0.029,1.85,0.049,1.899,0.08,1.95,0.127,2.0,0.197,2.049,0.293,2.099,0.428,2.15,0.601,2.199,0.825
1.599,0.003,1.65,0.006,1.699,0.01,1.749,0.017,1.8,0.029,1.85,0.049,1.899,0.08,1.95,0.128,2.0,0.197,2.049,0.294,2.099,0.428,2.15,0.604,2.199,0.828
1.6,0.003,1.65,0.006,1.699,0.01,1.749,0.017,1.8,0.029,1.85,0.049,1.899,0.08,1.95,0.129,2.0,0.199,2.049,0.297,2.099,0.431,2.15,0.608,2.199,0.827
1.6,0.003,1.65,0.006,1.699,0.01,1.749,0.017,1.8,0.029,1.85,0.049,1.899,0.08,1.95,0.129,2.0,0.198,2.049,0.296,2.099,0.431,2.15,0.609,2.199,0.828
1.599,0.003,1.65,0.006,1.699,0.01,1.749,0.017,1.8,0.029,1.85,0.049,1.899,0.08,1.95,0.129,2.0,0.198,2.049,0.296,2.099,0.432,2.15,0.606,2.199,0.831
1.599,0.0,1.65,0.006,1.699,0.01,1.749,0.017,1.8,0.029,1.85,0.05,1.899,0.081,1.95,0.129,2.0,0.199,2.049,0.297,2.099,0.431,2.15,0.609,2.199,0.828
1.6,0.003,1.65,0.006,1.699,0.01,1.749,0.017,1.8,0.029,1.85,0.049,1.899,0.08,1.95,0.128,2.0,0.198,2.049,0.295,2.099,0.431,2.15,0.605,2.199,0.828
1.599,0.003,1.65,0.006,1.699,0.01,1.749,0.017,1.8,0.029,1.85,0.049,1.899,0.081,1.95,0.129,2.0,0.199,2.049,0.297,2.099,0.433,2.15,0.607,2.199,0.832
1.6,0.003,1.65,0.006,1.699,0.01,1.749,0.017,1.8,0.03,1.85,0.05,1.899,0.081,1.95,0.13,2.0,0.2,2.049,0.299,2.099,0.433,2.15,0.612,2.199,0.832
1.599,0.003,1.65,0.006,1.699,0.01,1.749,0.017,1.8,0.03,1.85,0.05,1.899,0.081,1.95,0.129,2.0,0.199,2.049,0.297,2.099,0.433,2.15,0.612,2.199,0.832
1.599,0.003,1.65,0.006,1.699,0.01,1.749,0.017,1.8,0.03,1.849,0.05,1.899,0.081,1.95,0.13,2.0,0.2,2.049,0.298,2.099,0.434,2.15,0.61,2.199,0.837
1.599,0.0,1.65,0.006,1.699,0.01,1.749,0.017,1.8,0.03,1.85,0.05,1.899,0.082,1.95,0.131,2.0,0.201,2.049,0.3,2.099,0.436,2.15,0.615,2.199,0.836
1.6,0.003,1.65,0.006,1.699,0.01,1.749,0.017,1.8,0.03,1.85,0.05,1.899,0.081,1.95,0.13,2.0,0.201,2.049,0.299,2.099,0.436,2.15,0.615,2.199,0.836
1.599,0.003,1.65,0.006,1.699,0.01,1.749,0.017,1.8,0.03,1.85,0.05,1.899,0.082,1.95,0.13,2.0,0.201,2.049,0.3,2.099,0.437,2.15,0.612,2.199,0.84
1.599,0.0,1.65,0.006,1.699,0.01,1.749,0.018,1.8,0.03,1.85,0.051,1.899,0.082,1.95,0.132,2.0,0.203,2.049,0.302,2.099,0.438,2.15,0.619,2.199,0.848
1.599,0.004,1.65,0.006,1.699,0.011,1.749,0.018,1.8,0.031,1.85,0.052,1.899,0.084,1.95,0.133,2.0,0.205,2.049,0.304,2.099,0.442,2.15,0.623,2.199,0.846
1.599,0.003,1.65,0.006,1.699,0.01,1.749,0.018,1.8,0.031,1.85,0.051,1.899,0.083,1.95,0.132,2.0,0.203,2.049,0.302,2.099,0.44,2.15,0.617,2.199,0.846
1.599,0.0,1.65,0.006,1.699,0.01,1.749,0.018,1.8,0.03,1.85,0.051,1.899,0.083,1.95,0.132,2.0,0.203,2.049,0.303,2.099,0.438,2.15,0.619,2.199,0.848
1.6,0.004,1.65,0.006,1.699,0.011,1.749,0.018,1.8,0.031,1.85,0.051,1.899,0.084,1.95,0.133,2.0,0.205,2.049,0.304,2.099,0.442,2.15,0.624,2.199,0.846
1.599,0.004,1.65,0.006,1.699,0.01,1.749,0.018,1.8,0.031,1.849,0.051,1.899,0.083,1.95,0.133,2.0,0.204,2.049,0.304,2.099,0.442,2.15,0.62,2.199,0.85
1.599,0.0,1.65,0.006,1.699,0.011,1.749,0.018,1.8,0.031,1.85,0.052,1.899,0.084,1.95,0.134,2.0,0.205,2.049,0.306,2.099,0.443,2.15,0.625,2.199,0.85
1.6,0.004,1.65,0.006,1.699,0.011,1.749,0.018,1.8,0.031,1.849,0.052,1.899,0.085,1.95,0.135,2.0,0.207,2.049,0.307,2.099,0.446,2.15,0.628,2.199,0.853
1.599,0.004,1.65,0.006,1.699,0.011,1.749,0.018,1.8,0.031,1.85,0.052,1.899,0.084,1.95,0.134,2.0,0.206,2.049,0.307,2.099,0.446,2.15,0.624,2.199,0.856
1.599,0.0,1.65,0.006,1.699,0.011,1.749,0.018,1.8,0.031,1.849,0.052,1.899,0.085,1.95,0.135,2.0,0.207,2.049,0.308,2.099,0.445,2.15,0.628,2.199,0.86
1.6,0.004,1.65,0.006,1.699,0.011,1.749,0.018,1.8,0.031,1.85,0.052,1.899,0.085,1.95,0.135,2.0,0.208,2.049,0.308,2.099,0.447,2.15,0.63,2.199,0.855
1.599,0.004,1.65,0.006,1.699,0.011,1.749,0.018,1.8,0.031,1.849,0.052,1.899,0.084,1.95,0.134,2.0,0.206,2.049,0.306,2.099,0.446,2.15,0.624,2.199,0.856
1.599,0.004,1.65,0.006,1.699,0.011,1.749,0.018,1.8,0.031,1.85,0.052,1.899,0.084,1.95,0.134,2.0,0.206,2.049,0.307,2.099,0.446,2.15,0.624,2.199,0.856
1.6,0.004,1.65,0.006,1.699,0.011,1.749,0.018,1.8,0.031,1.849,0.052,1.899,0.084,1.95,0.134,2.0,0.207,2.049,0.308,2.099,0.446,2.15,0.629,2.199,0.854
1.599,0.004,1.65,0.006,1.699,0.011,1.749,0.018,1.8,0.031,1.85,0.052,1.899,0.084,1.95,0.134,2.0,0.206,2.049,0.306,2.099,0.446,2.15,0.624,2.199,0.854
1.599,0.004,1.65,0.006,1.699,0.011,1.749,0.018,1.8,0.031,1.85,0.052,1.899,0.084,1.95,0.134,2.0,0.206,2.049,0.307,2.099,0.446,2.15,0.625,2.199,0.856
1.599,0.0,1.65,0.006,1.699,0.011,1.749,0.018,1.8,0.031,1.85,0.052,1.899,0.084,1.95,0.135,2.0,0.207,2.049,0.308,2.099,0.446,2.15,0.63,2.199,0.855
1.6,0.004,1.65,0.006,1.699,0.011,1.749,0.018,1.8,0.031,1.85,0.051,1.899,0.084,1.95,0.134,2.0,0.205,2.049,0.305,2.099,0.445,2.15,0.624,2.199,0.857
1.599,0.0,1.65,0.006,1.699,0.011,1.749,0.018,1.8,0.031,1.849,0.052,1.899,0.084,1.95,0.134,2.0,0.206,2.049,0.307,2.099,0.445,2.15,0.628,2.199,0.862
1.599,0.004,1.65,0.006,1.699,0.011,1.749,0.018,1.8,0.032,1.85,0.052,1.899,0.085,1.95,0.135,2.0,0.208,2.049,0.309,2.099,0.449,2.15,0.633,2.199,0.861
1.599,0.004,1.65,0.006,1.699,0.011,1.749,0.018,1.8,0.031,1.849,0.052,1.899,0.085,1.95,0.136,2.0,0.208,2.049,0.309,2.099,0.45,2.15,0.631,2.199,0.866
1.599,0.0,1.65,0.006,1.699,0.011,1.749,0.019,1.8,0.032,1.849,0.053,1.899,0.086,1.95,0.137,2.0,0.21,2.049,0.312,2.099,0.451,2.15,0.636,2.199,0.872
1.6,0.004,1.65,0.007,1.699,0.011,1.749,0.019,1.8,0.032,1.85,0.053,1.899,0.087,1.95,0.137,2.0,0.211,2.049,0.314,2.099,0.453,2.15,0.639,2.199,0.867
1.599,0.004,1.65,0.006,1.699,0.011,1.749,0.019,1.8,0.032,1.85,0.053,1.899,0.086,1.95,0.137,2.0,0.21,2.049,0.312,2.099,0.454,2.15,0.635,2.199,0.871
1.599,0.004,1.65,0.007,1.699,0.011,1.749,0.019,1.8,0.032,1.85,0.054,1.899,0.087,1.95,0.138,2.0,0.211,2.049,0.314,2.099,0.454,2.15,0.64,2.199,0.876
1.6,0.004,1.65,0.007,1.699,0.011,1.749,0.019,1.8,0.032,1.85,0.054,1.899,0.087,1.95,0.139,1.999,0.213,2.049,0.315,2.099,0.457,2.15,0.644,2.199,0.873
1.599,0.004,1.65,0.007,1.699,0.011,1.749,0.019,1.8,0.032,1.849,0.054,1.899,0.087,1.95,0.139,2.0,0.212,2.049,0.315,2.099,0.458,2.15,0.64,2.199,0.878
1.599,0.004,1.65,0.007,1.699,0.011,1.749,0.019,1.8,0.033,1.85,0.054,1.899,0.088,1.95,0.139,2.0,0.213,2.049,0.317,2.099,0.457,2.15,0.645,2.199,0.882
1.599,0.004,1.65,0.007,1.699,0.011,1.749,0.019,1.8,0.033,1.849,0.055,1.899,0.088,1.95,0.14,2.0,0.214,2.049,0.317,2.099,0.46,2.15,0.647,2.199,0.877
1.6,0.004,1.65,0.007,1.699,0.011,1.749,0.019,1.8,0.033,1.85,0.054,1.899,0.088,1.95,0.14,2.0,0.214,2.049,0.317,2.099,0.46,2.15,0.643,2.199,0.881
1.599,0.0,1.65,0.007,1.699,0.011,1.749,0.02,1.8,0.033,1.85,0.055,1.899,0.089,1.95,0.14,2.0,0.214,2.049,0.318,2.099,0.459,2.15,0.647,2.199,0.885
1.6,0.004,1.65,0.007,1.699,0.011,1.749,0.02,1.8,0.033,1.85,0.055,1.899,0.088,1.95,0.141,2.0,0.215,2.049,0.318,2.099,0.462,2.15,0.65,2.199,0.881
1.6,0.004,1.65,0.007,1.699,0.011,1.749,0.019,1.8,0.033,1.85,0.054,1.899,0.088,1.95,0.139,2.0,0.214,2.049,0.317,2.099,0.46,2.15,0.648,2.199,0.879
1.599,0.004,1.65,0.007,1.699,0.011,1.749,0.019,1.8,0.033,1.85,0.054,1.899,0.088,1.95,0.14,2.0,0.214,2.049,0.318,2.099,0.462,2.15,0.646,2.199,0.885
1.6,0.004,1.65,0.007,1.699,0.011,1.749,0.02,1.8,0.033,1.849,0.055,1.899,0.089,1.95,0.14,2.0,0.215,2.049,0.318,2.099,0.461,2.15,0.65,2.199,0.882
1.6,0.004,1.65,0.007,1.699,0.011,1.749,0.019,1.8,0.033,1.849,0.055,1.899,0.088,1.95,0.14,2.0,0.214,2.049,0.317,2.099,0.461,2.15,0.644,2.199,0.884
1.599,0.004,1.65,0.007,1.699,0.011,1.749,0.02,1.8,0.033,1.849,0.055,1.899,0.089,1.95,0.14,2.0,0.215,2.049,0.319,2.099,0.461,2.15,0.648,2.199,0.887
1.599,0.004,1.65,0.007,1.699,0.012,1.749,0.02,1.8,0.033,1.85,0.055,1.899,0.089,1.95,0.14,2.0,0.215,2.049,0.319,2.099,0.461,2.15,0.65,2.199,0.882
1.599,0.004,1.65,0.007,1.699,0.011,1.749,0.019,1.8,0.033,1.85,0.055,1.899,0.088,1.95,0.14,2.0,0.215,2.049,0.319,2.099,0.463,2.15,0.647,2.199,0.887
1.599,0.004,1.65,0.007,1.699,0.011,1.749,0.02,1.8,0.033,1.849,0.055,1.899,0.089,1.95,0.141,2.0,0.215,2.049,0.321,2.099,0.463,2.15,0.652,2.199,0.893
1.599,0.004,1.65,0.007,1.699,0.012,1.749,0.02,1.8,0.034,1.849,0.056,1.899,0.09,1.95,0.142,2.0,0.217,2.049,0.323,2.099,0.465,2.15,0.655,2.199,0.889
1.599,0.004,1.65,0.007,1.699,0.012,1.749,0.02,1.8,0.034,1.85,0.055,1.899,0.089,1.95,0.141,2.0,0.216,2.049,0.321,2.099,0.466,2.15,0.651,2.199,0.89
1.599,0.004,1.65,0.007,1.699,0.012,1.749,0.02,1.8,0.034,1.85,0.056,1.899,0.09,1.95,0.142,2.0,0.217,2.049,0.322,2.099,0.465,2.15,0.656,2.199,0.899
1.599,0.004,1.65,0.007,1.699,0.012,1.749,0.02,1.8,0.034,1.849,0.056,1.899,0.091,1.95,0.143,2.0,0.219,2.049,0.324,2.099,0.47,2.15,0.662,2.199,0.896
1.599,0.004,1.65,0.007,1.699,0.012,1.749,0.02,1.8,0.034,1.849,0.056,1.899,0.09,1.95,0.143,2.0,0.218,2.049,0.323,2.099,0.469,2.15,0.654,2.199,0.897
1.599,0.004,1.65,0.007,1.699,0.012,1.749,0.02,1.8,0.034,1.85,0.056,1.899,0.09,1.95,0.143,2.0,0.218,2.049,0.324,2.099,0.469,2.15,0.655,2.199,0.898
1.6,0.004,1.65,0.007,1.699,0.012,1.749,0.02,1.8,0.034,1.85,0.056,1.899,0.091,1.95,0.144,2.0,0.22,2.049,0.325,2.099,0.47,2.15,0.662,2.199,0.897
1.6,0.004,1.65,0.007,1.699,0.012,1.749,0.02,1.8,0.034,1.85,0.056,1.899,0.091,1.95,0.143,2.0,0.219,2.049,0.324,2.099,0.471,2.15,0.658,2.199,0.902
1.599,0.004,1.65,0.007,1.699,0.012,1.749,0.02,1.8,0.034,1.849,0.057,1.899,0.092,1.95,0.145,2.0,0.221,2.049,0.328,2.099,0.472,2.15,0.665,2.199,0.91
1.599,0.004,1.65,0.007,1.699,0.012,1.749,0.021,1.8,0.035,1.849,0.058,1.899,0.093,1.95,0.146,2.0,0.223,2.049,0.329,2.099,0.477,2.15,0.67,2.199,0.907
1.599,0.004,1.65,0.007,1.699,0.012,1.749,0.021,1.8,0.035,1.85,0.057,1.899,0.092,1.95,0.145,2.0,0.221,2.049,0.327,2.099,0.474,2.15,0.661,2.199,0.903
1.599,0.004,1.65,0.007,1.699,0.012,1.749,0.02,1.8,0.034,1.85,0.057,1.899,0.091,1.95,0.145,2.0,0.221,2.049,0.327,2.099,0.475,2.15,0.662,2.199,0.908
1.599,0.0,1.65,0.007,1.699,0.012,1.749,0.021,1.8,0.035,1.85,0.057,1.899,0.092,1.95,0.146,2.0,0.222,2.049,0.329,2.099,0.474,2.15,0.667,2.199,0.903
1.6,0.004,1.65,0.007,1.699,0.012,1.749,0.021,1.8,0.035,1.849,0.058,1.899,0.093,1.95,0.147,2.0,0.224,2.049,0.331,2.099,0.479,2.15,0.673,2.199,0.912
1.599,0.004,1.65,0.007,1.699,0.012,1.749,0.021,1.8,0.035,1.85,0.058,1.899,0.094,1.95,0.148,2.0,0.225,2.049,0.333,2.099,0.482,2.15,0.671,2.199,0.918
1.599,0.0,1.65,0.007,1.699,0.013,1.749,0.021,1.8,0.036,1.85,0.059,1.899,0.095,1.95,0.149,2.0,0.226,2.049,0.335,2.099,0.481,2.15,0.676,2.199,0.924
1.599,0.005,1.65,0.008,1.699,0.013,1.749,0.022,1.8,0.036,1.849,0.059,1.899,0.095,1.95,0.15,2.0,0.229,2.049,0.337,2.099,0.487,2.15,0.683,2.199,0.922
1.599,0.004,1.65,0.008,1.699,0.013,1.749,0.022,1.8,0.036,1.849,0.059,1.899,0.096,1.95,0.15,2.0,0.228,2.049,0.337,2.099,0.486,2.15,0.677,2.199,0.926
1.599,0.0,1.65,0.008,1.699,0.013,1.749,0.022,1.8,0.036,1.85,0.059,1.899,0.095,1.95,0.15,2.0,0.227,2.049,0.336,2.099,0.483,2.15,0.679,2.199,0.929
1.599,0.005,1.65,0.008,1.699,0.013,1.749,0.022,1.8,0.037,1.85,0.06,1.899,0.096,1.95,0.151,2.0,0.229,2.049,0.338,2.099,0.488,2.15,0.685,2.199,0.926
1.6,0.004,1.65,0.008,1.699,0.013,1.749,0.022,1.8,0.036,1.85,0.059,1.899,0.096,1.95,0.151,2.0,0.229,2.049,0.337,2.099,0.488,2.15,0.679,2.199,0.93
1.599,0.0,1.65,0.008,1.699,0.013,1.749,0.022,1.8,0.037,1.849,0.06,1.899,0.097,1.95,0.152,2.0,0.231,2.049,0.341,2.099,0.489,2.15,0.684,2.199,0.935
1.599,0.0,1.65,0.008,1.699,0.013,1.749,0.022,1.8,0.037,1.849,0.061,1.899,0.097,1.95,0.153,2.0,0.234,2.049,0.345,2.099,0.495,2.15,0.695,2.199,0.939
1.6,0.005,1.65,0.008,1.699,0.014,1.749,0.023,1.8,0.038,1.849,0.062,1.899,0.099,1.95,0.156,2.0,0.235,2.049,0.346,2.099,0.499,2.149,0.7,2.199,0.944
1.599,0.005,1.65,0.008,1.699,0.013,1.749,0.023,1.8,0.038,1.849,0.062,1.899,0.099,1.95,0.156,2.0,0.236,2.049,0.348,2.099,0.501,2.15,0.695,2.199,0.948
1.599,0.0,1.65,0.008,1.699,0.014,1.749,0.023,1.8,0.038,1.849,0.062,1.899,0.099,1.95,0.156,2.0,0.236,2.049,0.348,2.099,0.499,2.15,0.7,2.199,0.954
1.599,0.005,1.65,0.008,1.699,0.014,1.749,0.023,1.8,0.039,1.849,0.063,1.899,0.1,1.95,0.157,2.0,0.238,2.049,0.35,2.099,0.505,2.15,0.708,2.199,0.954
1.599,0.005,1.65,0.008,1.699,0.014,1.749,0.023,1.8,0.039,1.85,0.064,1.899,0.102,1.95,0.159,2.0,0.24,2.049,0.354,2.099,0.509,2.15,0.706,2.199,0.964
1.599,0.0,1.65,0.009,1.699,0.014,1.749,0.024,1.8,0.039,1.849,0.064,1.899,0.102,1.95,0.159,2.0,0.24,2.049,0.353,2.099,0.505,2.15,0.707,2.199,0.964
1.6,0.005,1.65,0.008,1.699,0.014,1.749,0.024,1.8,0.04,1.849,0.065,1.899,0.103,1.95,0.161,2.0,0.243,2.049,0.356,2.099,0.511,2.15,0.715,2.199,0.964
1.599,0.005,1.65,0.009,1.699,0.014,1.749,0.024,1.8,0.04,1.849,0.065,1.899,0.104,1.95,0.162,2.0,0.245,2.049,0.358,2.099,0.516,2.15,0.714,2.199,0.972
1.599,0.0,1.65,0.009,1.699,0.014,1.749,0.024,1.8,0.04,1.849,0.065,1.899,0.104,1.95,0.162,2.0,0.244,2.049,0.36,2.099,0.515,2.15,0.72,2.199,0.97
1.599,0.005,1.65,0.009,1.699,0.015,1.749,0.025,1.8,0.042,1.85,0.067,1.899,0.106,1.95,0.166,2.0,0.25,2.049,0.364,2.099,0.522,2.15,0.728,2.199,0.978
1.599,0.005,1.65,0.009,1.699,0.015,1.749,0.024,1.8,0.04,1.849,0.065,1.899,0.104,1.95,0.162,2.0,0.245,2.049,0.358,2.099,0.515,2.15,0.714,2.199,0.973
1.599,0.0,1.65,0.009,1.699,0.015,1.749,0.024,1.8,0.041,1.849,0.066,1.899,0.105,1.95,0.163,2.0,0.245,2.049,0.36,2.099,0.513,2.15,0.718,2.199,0.966
1.6,0.005,1.65,0.009,1.699,0.015,1.749,0.024,1.8,0.041,1.85,0.066,1.899,0.104,1.95,0.163,2.0,0.246,2.049,0.36,2.099,0.518,2.15,0.717,2.199,0.974
1.599,0.005,1.65,0.009,1.699,0.015,1.749,0.024,1.8,0.04,1.85,0.065,1.899,0.104,1.95,0.162,2.0,0.244,2.049,0.359,2.099,0.513,2.15,0.719,2.199,0.98
1.599,0.005,1.65,0.009,1.699,0.015,1.749,0.025,1.8,0.041,1.849,0.066,1.899,0.105,1.95,0.165,2.0,0.248,2.049,0.363,2.099,0.519,2.15,0.725,2.199,0.975
1.599,0.005,1.65,0.009,1.699,0.014,1.749,0.024,1.8,0.04,1.849,0.065,1.899,0.104,1.95,0.162,2.0,0.245,2.049,0.359,2.099,0.517,2.15,0.716,2.199,0.973
1.599,0.005,1.65,0.009,1.699,0.014,1.749,0.024,1.8,0.04,1.849,0.065,1.899,0.104,1.95,0.162,2.0,0.244,2.049,0.359,2.099,0.516,2.15,0.715,2.199,0.974
1.599,0.0,1.65,0.009,1.699,0.015,1.749,0.024,1.8,0.04,1.85,0.065,1.899,0.103,1.95,0.161,2.0,0.244,2.049,0.358,2.099,0.511,2.15,0.715,2.199,0.964
1.599,0.005,1.65,0.008,1.699,0.014,1.749,0.023,1.8,0.039,1.85,0.064,1.899,0.102,1.95,0.159,2.0,0.24,2.049,0.352,2.099,0.508,2.15,0.705,2.199,0.964
1.599,0.005,1.65,0.008,1.699,0.014,1.749,0.024,1.8,0.039,1.85,0.064,1.899,0.102,1.95,0.16,2.0,0.241,2.049,0.355,2.099,0.508,2.15,0.709,2.199,0.969
1.599,0.005,1.65,0.009,1.699,0.014,1.749,0.024,1.8,0.04,1.85,0.065,1.899,0.103,1.95,0.162,2.0,0.245,2.049,0.361,2.099,0.516,2.15,0.721,2.199,0.972
1.6,0.005,1.65,0.009,1.699,0.014,1.749,0.024,1.8,0.04,1.85,0.065,1.899,0.104,1.95,0.162,2.0,0.244,2.049,0.358,2.099,0.515,2.15,0.715,2.199,0.977
1.599,0.005,1.65,0.009,1.699,0.015,1.749,0.025,1.8,0.041,1.85,0.067,1.899,0.106,1.95,0.165,2.0,0.249,2.049,0.367,2.099,0.526,2.15,0.728,2.199,0.991
1.599,0.0,1.65,0.009,1.699,0.015,1.749,0.025,1.8,0.042,1.849,0.068,1.899,0.107,1.95,0.166,2.0,0.25,2.049,0.366,2.099,0.522,2.15,0.73,2.199,0.983
1.599,0.006,1.65,0.009,1.699,0.015,1.749,0.025,1.8,0.042,1.85,0.068,1.899,0.108,1.95,0.168,2.0,0.252,2.049,0.368,2.099,0.527,2.15,0.735,2.199,0.988
1.599,0.005,1.65,0.009,1.699,0.015,1.749,0.025,1.8,0.042,1.85,0.067,1.899,0.107,1.95,0.167,2.0,0.251,2.049,0.368,2.099,0.528,2.15,0.73,2.199,0.994
1.599,0.0,1.65,0.009,1.699,0.015,1.749,0.025,1.8,0.042,1.85,0.068,1.899,0.108,1.95,0.168,2.0,0.254,2.049,0.372,2.099,0.531,2.15,0.741,2.199,0.997
1.599,0.006,1.65,0.009,1.699,0.016,1.749,0.026,1.8,0.043,1.849,0.07,1.899,0.11,1.95,0.17,2.0,0.256,2.049,0.373,2.099,0.535,2.15,0.738,2.199,1.001
1.599,0.006,1.65,0.009,1.699,0.015,1.749,0.026,1.8,0.043,1.849,0.069,1.899,0.109,1.95,0.169,2.0,0.254,2.049,0.373,2.099,0.534,2.15,0.737,2.199,1.003
1.599,0.0,1.65,0.009,1.699,0.016,1.749,0.026,1.8,0.043,1.849,0.069,1.899,0.109,1.95,0.17,2.0,0.255,2.049,0.374,2.099,0.532,2.15,0.743,2.199,0.998
1.599,0.006,1.65,0.009,1.699,0.015,1.749,0.025,1.8,0.042,1.849,0.068,1.899,0.108,1.95,0.168,1.999,0.254,2.049,0.37,2.099,0.532,2.15,0.736,2.199,0.998
1.599,0.006,1.65,0.009,1.699,0.015,1.749,0.025,1.8,0.042,1.849,0.068,1.899,0.108,1.95,0.168,2.0,0.252,2.049,0.37,2.099,0.531,2.15,0.734,2.199,1.001
1.599,0.0,1.65,0.009,1.699,0.016,1.749,0.026,1.8,0.042,1.85,0.069,1.899,0.109,1.95,0.169,2.0,0.255,2.049,0.373,2.099,0.532,2.15,0.743,2.199,0.999
1.599,0.006,1.65,0.009,1.699,0.015,1.749,0.025,1.8,0.042,1.849,0.068,1.899,0.107,1.95,0.167,1.999,0.251,2.049,0.367,2.099,0.528,2.15,0.73,2.199,0.992
1.599,0.005,1.65,0.009,1.699,0.015,1.749,0.025,1.8,0.041,1.849,0.067,1.899,0.106,1.95,0.165,2.0,0.249,2.049,0.366,2.099,0.525,2.15,0.727,2.199,0.993
1.6,0.006,1.65,0.009,1.699,0.015,1.749,0.025,1.8,0.042,1.85,0.068,1.899,0.107,1.95,0.167,2.0,0.251,2.049,0.369,2.099,0.526,2.15,0.735,2.199,0.989
1.599,0.005,1.65,0.009,1.699,0.015,1.749,0.025,1.8,0.041,1.849,0.067,1.899,0.106,1.95,0.165,2.0,0.249,2.049,0.364,2.099,0.525,2.15,0.727,2.199,0.988
1.599,0.005,1.65,0.009,1.699,0.015,1.749,0.025,1.8,0.041,1.849,0.067,1.899,0.105,1.95,0.164,2.0,0.247,2.049,0.363,2.099,0.519,2.15,0.728,2.199,0.993
1.599,0.006,1.65,0.009,1.699,0.015,1.749,0.025,1.8,0.041,1.849,0.067,1.899,0.106,1.95,0.165,2.0,0.249,2.049,0.366,2.099,0.524,2.15,0.734,2.199,0.988
1.599,0.005,1.65,0.009,1.699,0.015,1.749,0.024,1.8,0.041,1.849,0.066,1.899,0.105,1.95,0.164,2.0,0.247,2.049,0.362,2.099,0.522,2.15,0.724,2.199,0.985
1.599,0.005,1.65,0.009,1.699,0.015,1.749,0.024,1.8,0.04,1.85,0.066,1.899,0.104,1.95,0.163,2.0,0.245,2.049,0.362,2.099,0.518,2.15,0.727,2.199,0.994
1.599,0.006,1.65,0.009,1.699,0.015,1.749,0.025,1.8,0.041,1.849,0.067,1.899,0.106,1.95,0.165,2.0,0.249,2.049,0.366,2.099,0.523,2.15,0.733,2.199,0.989
1.599,0.005,1.65,0.009,1.699,0.015,1.749,0.024,1.8,0.041,1.849,0.066,1.899,0.105,1.95,0.164,2.0,0.248,2.049,0.363,2.099,0.523,2.15,0.725,2.199,0.992
1.599,0.0,1.65,0.009,1.699,0.015,1.749,0.025,1.8,0.041,1.849,0.067,1.899,0.106,1.95,0.165,2.0,0.25,2.049,0.367,2.099,0.525,2.149,0.736,2.199,1.003
1.599,0.006,1.65,0.009,1.699,0.015,1.749,0.025,1.8,0.042,1.849,0.068,1.899,0.107,1.95,0.167,2.0,0.252,2.049,0.369,2.099,0.53,2.15,0.741,2.199,0.997
1.599,0.006,1.65,0.009,1.699,0.015,1.749,0.025,1.8,0.041,1.849,0.067,1.899,0.106,1.95,0.165,2.0,0.249,2.049,0.365,2.099,0.526,2.15,0.729,2.199,0.997
1.599,0.0,1.65,0.009,1.699,0.015,1.749,0.025,1.8,0.041,1.85,0.067,1.899,0.107,1.95,0.166,2.0,0.25,2.049,0.367,2.099,0.525,2.15,0.735,2.199,0.991
1.6,0.006,1.65,0.009,1.699,0.016,1.749,0.025,1.8,0.042,1.85,0.068,1.899,0.108,1.95,0.168,2.0,0.253,2.049,0.369,2.099,0.529,2.15,0.742,2.199,0.998
1.6,0.006,1.65,0.009,1.699,0.015,1.749,0.025,1.8,0.042,1.85,0.068,1.899,0.107,1.95,0.167,2.0,0.252,2.049,0.368,2.099,0.53,2.15,0.735,2.199,1.005
1.599,0.0,1.65,0.009,1.699,0.015,1.749,0.026,1.8,0.042,1.849,0.069,1.899,0.109,1.95,0.17,2.0,0.256,2.049,0.376,2.099,0.536,2.15,0.751,2.199,1.024
1.6,0.006,1.65,0.01,1.699,0.016,1.749,0.027,1.8,0.044,1.849,0.071,1.899,0.112,1.95,0.173,2.0,0.26,2.049,0.381,2.099,0.541,2.15,0.756,2.199,1.016
1.599,0.006,1.65,0.01,1.699,0.016,1.749,0.026,1.8,0.043,1.849,0.07,1.899,0.111,1.95,0.172,2.0,0.259,2.049,0.378,2.099,0.543,2.15,0.751,2.199,1.02
1.599,0.006,1.65,0.01,1.699,0.016,1.749,0.027,1.8,0.044,1.849,0.071,1.899,0.113,1.95,0.175,2.0,0.262,2.049,0.384,2.099,0.546,2.15,0.76,2.199,1.036
1.6,0.006,1.65,0.01,1.699,0.017,1.749,0.028,1.8,0.045,1.85,0.073,1.899,0.114,1.95,0.177,2.0,0.265,2.049,0.386,2.099,0.55,2.149,0.768,2.199,1.032
1.599,0.006,1.65,0.01,1.699,0.016,1.749,0.027,1.799,0.045,1.849,0.072,1.899,0.113,1.95,0.175,2.0,0.263,2.049,0.383,2.099,0.549,2.15,0.758,2.199,1.034
1.599,0.0,1.65,0.01,1.699,0.017,1.749,0.027,1.8,0.045,1.849,0.072,1.899,0.114,1.95,0.176,2.0,0.263,2.049,0.385,2.099,0.548,2.15,0.765,2.199,1.04
1.599,0.006,1.65,0.01,1.699,0.017,1.749,0.028,1.8,0.045,1.849,0.073,1.899,0.115,1.95,0.177,2.0,0.265,2.049,0.388,2.099,0.551,2.149,0.769,2.199,1.032
1.599,0.006,1.65,0.01,1.699,0.017,1.749,0.027,1.8,0.045,1.849,0.072,1.899,0.114,1.95,0.176,2.0,0.265,2.049,0.385,2.099,0.552,2.149,0.769,2.199,1.032
1.599,0.006,1.65,0.01,1.699,0.016,1.749,0.027,1.8,0.045,1.849,0.072,1.899,0.113,1.95,0.175,2.0,0.262,2.049,0.384,2.099,0.551,2.149,0.761,2.199,1.038
1.599,0.0,1.65,0.01,1.699,0.017,1.749,0.028,1.8,0.045,1.849,0.073,1.899,0.114,1.95,0.177,1.999,0.265,2.049,0.388,2.099,0.551,2.15,0.769,2.199,1.034
1.599,0.007,1.65,0.01,1.699,0.017,1.749,0.028,1.8,0.046,1.849,0.074,1.899,0.117,1.95,0.18,2.0,0.27,2.049,0.393,2.099,0.557,2.15,0.777,2.199,1.042
1.599,0.006,1.65,0.01,1.699,0.017,1.749,0.028,1.8,0.046,1.849,0.073,1.899,0.115,1.95,0.178,2.0,0.267,2.049,0.388,2.099,0.556,2.15,0.768,2.199,1.042
1.599,0.006,1.65,0.01,1.699,0.017,1.749,0.028,1.8,0.046,1.849,0.073,1.899,0.116,1.95,0.179,2.0,0.268,2.049,0.392,2.099,0.561,2.15,0.773,2.199,1.052
1.599,0.0,1.65,0.011,1.699,0.018,1.749,0.028,1.8,0.046,1.85,0.075,1.899,0.117,1.95,0.181,2.0,0.271,2.049,0.396,2.099,0.562,2.15,0.784,2.199,1.051
1.599,0.006,1.65,0.011,1.699,0.017,1.749,0.028,1.8,0.046,1.849,0.074,1.899,0.116,1.95,0.179,2.0,0.268,2.049,0.39,2.099,0.559,2.15,0.771,2.199,1.046
1.599,0.006,1.65,0.01,1.699,0.017,1.749,0.028,1.8,0.046,1.849,0.073,1.899,0.116,1.95,0.179,2.0,0.268,2.049,0.392,2.099,0.561,2.15,0.774,2.199,1.054
1.599,0.007,1.65,0.011,1.699,0.018,1.749,0.029,1.8,0.046,1.849,0.075,1.899,0.117,1.95,0.18,2.0,0.27,2.049,0.394,2.099,0.559,2.15,0.782,2.199,1.051
1.6,0.006,1.65,0.01,1.699,0.017,1.749,0.028,1.8,0.046,1.85,0.074,1.899,0.116,1.95,0.179,2.0,0.268,2.049,0.39,2.099,0.56,2.15,0.772,2.199,1.049
1.599,0.006,1.65,0.01,1.699,0.017,1.749,0.028,1.8,0.046,1.849,0.074,1.899,0.117,1.95,0.181,2.0,0.271,2.049,0.396,2.099,0.567,2.149,0.781,2.199,1.065
1.599,0.0,1.65,0.011,1.699,0.018,1.749,0.029,1.8,0.048,1.849,0.077,1.899,0.12,1.95,0.185,2.0,0.276,2.049,0.401,2.099,0.568,2.15,0.791,2.199,1.059
1.599,0.006,1.65,0.01,1.699,0.017,1.749,0.028,1.8,0.047,1.849,0.075,1.899,0.117,1.95,0.181,2.0,0.271,2.049,0.394,2.099,0.565,2.15,0.779,2.199,1.057
1.599,0.007,1.65,0.011,1.699,0.017,1.749,0.029,1.8,0.047,1.849,0.075,1.899,0.117,1.95,0.181,2.0,0.271,2.049,0.396,2.099,0.562,2.15,0.781,2.199,1.064
1.599,0.007,1.65,0.011,1.699,0.018,1.749,0.029,1.8,0.047,1.849,0.076,1.899,0.119,1.95,0.184,2.0,0.275,2.049,0.401,2.099,0.568,2.149,0.792,2.199,1.062
1.599,0.007,1.65,0.011,1.699,0.018,1.749,0.029,1.8,0.047,1.849,0.075,1.899,0.119,1.95,0.183,2.0,0.273,2.049,0.396,2.099,0.567,2.149,0.782,2.199,1.067
1.599,0.0,1.65,0.011,1.699,0.018,1.749,0.029,1.8,0.048,1.849,0.077,1.899,0.12,1.95,0.185,2.0,0.275,2.049,0.401,2.099,0.568,2.15,0.791,2.199,1.077
1.599,0.007,1.65,0.011,1.699,0.018,1.749,0.03,1.8,0.049,1.849,0.078,1.899,0.121,1.95,0.187,2.0,0.278,2.049,0.403,2.099,0.577,2.149,0.805,2.199,1.076
1.599,0.007,1.65,0.011,1.699,0.018,1.749,0.03,1.8,0.048,1.849,0.077,1.899,0.12,1.95,0.185,2.0,0.276,2.049,0.402,2.099,0.57,2.149,0.792,2.199,1.079
1.599,0.007,1.65,0.011,1.699,0.019,1.749,0.03,1.8,0.049,1.849,0.078,1.899,0.122,1.95,0.187,1.999,0.279,2.049,0.406,2.099,0.575,2.149,0.801,2.199,1.072
1.599,0.007,1.65,0.011,1.699,0.018,1.749,0.029,1.8,0.048,1.849,0.077,1.899,0.12,1.95,0.185,2.0,0.276,2.049,0.4,2.099,0.573,2.149,0.789,2.199,1.075
1.599,0.0,1.65,0.011,1.699,0.018,1.749,0.03,1.8,0.048,1.849,0.077,1.899,0.12,1.95,0.185,2.0,0.276,2.049,0.402,2.099,0.57,2.15,0.795,2.199,1.082
1.599,0.007,1.65,0.011,1.699,0.019,1.749,0.03,1.8,0.05,1.849,0.079,1.899,0.122,1.95,0.188,1.999,0.28,2.049,0.405,2.099,0.579,2.149,0.806,2.199,1.079
1.599,0.007,1.65,0.011,1.699,0.018,1.749,0.03,1.8,0.049,1.849,0.078,1.899,0.122,1.95,0.188,2.0,0.28,2.049,0.405,2.099,0.579,2.149,0.797,2.199,1.087
1.599,0.0,1.65,0.012,1.699,0.019,1.749,0.031,1.8,0.05,1.849,0.079,1.899,0.123,1.95,0.189,2.0,0.281,2.049,0.409,2.099,0.58,2.15,0.809,2.199,1.084
1.599,0.007,1.65,0.011,1.699,0.019,1.749,0.03,1.8,0.05,1.849,0.079,1.899,0.124,1.95,0.19,2.0,0.283,2.049,0.41,2.099,0.585,2.15,0.813,2.199,1.088
1.599,0.007,1.65,0.011,1.699,0.018,1.749,0.03,1.8,0.049,1.849,0.078,1.899,0.122,1.95,0.188,1.999,0.279,2.049,0.407,2.099,0.581,2.15,0.799,2.199,1.088
1.599,0.0,1.65,0.011,1.699,0.019,1.749,0.031,1.8,0.049,1.849,0.079,1.899,0.123,1.95,0.19,2.0,0.283,2.049,0.411,2.099,0.582,2.15,0.811,2.199,1.103
1.599,0.008,1.65,0.012,1.699,0.02,1.749,0.032,1.8,0.051,1.849,0.081,1.899,0.126,1.95,0.193,2.0,0.287,2.049,0.414,2.099,0.592,2.149,0.822,2.199,1.098
1.599,0.007,1.65,0.012,1.699,0.019,1.749,0.031,1.8,0.05,1.849,0.08,1.899,0.125,1.95,0.191,1.999,0.285,2.049,0.411,2.099,0.587,2.15,0.807,2.199,1.099
1.599,0.0,1.65,0.012,1.699,0.019,1.749,0.031,1.8,0.05,1.849,0.08,1.899,0.125,1.95,0.191,2.0,0.284,2.049,0.413,2.099,0.59,2.15,0.811,2.199,1.103
1.599,0.008,1.65,0.012,1.699,0.02,1.749,0.031,1.8,0.051,1.849,0.081,1.899,0.126,1.95,0.193,2.0,0.287,2.049,0.415,2.099,0.591,2.15,0.822,2.199,1.099
1.599,0.007,1.65,0.012,1.699,0.019,1.749,0.031,1.8,0.05,1.849,0.08,1.899,0.124,1.95,0.191,2.0,0.285,2.049,0.412,2.099,0.588,2.149,0.808,2.199,1.101
1.599,0.0,1.65,0.012,1.699,0.019,1.749,0.031,1.8,0.051,1.849,0.081,1.899,0.126,1.95,0.193,2.0,0.286,2.049,0.416,2.099,0.588,2.15,0.822,2.199,1.12
1.599,0.008,1.65,0.013,1.699,0.021,1.749,0.033,1.8,0.053,1.849,0.084,1.899,0.13,1.95,0.199,1.999,0.295,2.049,0.425,2.099,0.606,2.15,0.841,2.199,1.123
1.599,0.008,1.65,0.013,1.699,0.02,1.749,0.033,1.8,0.053,1.849,0.084,1.899,0.131,1.95,0.2,2.0,0.296,2.049,0.43,2.099,0.613,2.149,0.84,2.199,1.142
1.599,0.0,1.65,0.013,1.699,0.022,1.749,0.035,1.799,0.056,1.849,0.089,1.899,0.136,1.95,0.208,1.999,0.307,2.049,0.444,2.099,0.623,2.149,0.864,2.199,1.151
1.599,0.008,1.65,0.013,1.699,0.022,1.749,0.035,1.8,0.056,1.849,0.089,1.899,0.137,1.95,0.208,2.0,0.309,2.049,0.444,2.099,0.63,2.15,0.873,2.199,1.161
1.599,0.009,1.65,0.014,1.699,0.022,1.749,0.036,1.8,0.058,1.849,0.09,1.899,0.139,1.95,0.211,1.999,0.311,2.049,0.449,2.099,0.636,2.149,0.866,2.199,1.171
1.599,0.0,1.65,0.014,1.699,0.023,1.749,0.036,1.8,0.058,1.849,0.092,1.899,0.14,1.95,0.213,2.0,0.314,2.049,0.453,2.099,0.635,2.15,0.878,2.199,1.186
1.599,0.009,1.65,0.015,1.699,0.024,1.749,0.038,1.8,0.06,1.849,0.094,1.899,0.144,1.95,0.218,2.0,0.321,2.049,0.459,2.099,0.647,2.149,0.891,2.199,1.181
1.599,0.009,1.65,0.015,1.699,0.023,1.749,0.037,1.8,0.059,1.849,0.092,1.899,0.142,1.95,0.216,1.999,0.316,2.049,0.454,2.099,0.642,2.149,0.876,2.199,1.188
1.599,0.0,1.65,0.015,1.699,0.023,1.749,0.037,1.8,0.059,1.849,0.094,1.899,0.143,1.95,0.216,2.0,0.317,2.049,0.455,2.099,0.637,2.149,0.879,2.199,1.185
1.599,0.009,1.65,0.015,1.699,0.024,1.749,0.037,1.8,0.06,1.849,0.093,1.899,0.142,1.95,0.215,2.0,0.316,2.049,0.452,2.099,0.64,2.149,0.885,2.199,1.176
1.599,0.009,1.65,0.014,1.699,0.023,1.749,0.037,1.8,0.059,1.849,0.092,1.899,0.142,1.95,0.215,1.999,0.316,2.049,0.452,2.099,0.64,2.149,0.872,2.199,1.178
1.599,0.0,1.65,0.014,1.699,0.023,1.749,0.037,1.8,0.059,1.849,0.093,1.899,0.142,1.95,0.215,2.0,0.316,2.049,0.455,2.099,0.637,2.15,0.88,2.199,1.17
1.599,0.009,1.65,0.015,1.699,0.024,1.749,0.037,1.8,0.06,1.849,0.093,1.899,0.143,1.95,0.217,2.0,0.319,2.049,0.46,2.099,0.645,2.149,0.891,2.199,1.183
1.599,0.009,1.65,0.015,1.699,0.023,1.749,0.037,1.8,0.06,1.849,0.093,1.899,0.144,1.95,0.218,2.0,0.321,2.049,0.458,2.099,0.648,2.149,0.884,2.199,1.199
1.599,0.0,1.65,0.015,1.699,0.024,1.749,0.039,1.8,0.062,1.849,0.097,1.899,0.149,1.95,0.224,1.999,0.329,2.049,0.474,2.099,0.662,2.15,0.914,2.199,1.233
1.599,0.011,1.65,0.017,1.699,0.027,1.749,0.042,1.8,0.066,1.849,0.101,1.899,0.154,1.95,0.231,2.0,0.337,2.049,0.479,2.099,0.673,2.15,0.924,2.199,1.222
1.599,0.01,1.65,0.016,1.699,0.025,1.749,0.04,1.8,0.064,1.849,0.099,1.899,0.151,1.95,0.227,2.0,0.332,2.049,0.476,2.099,0.671,2.149,0.911,2.199,1.228
1.599,0.0,1.65,0.016,1.699,0.025,1.749,0.041,1.8,0.064,1.849,0.1,1.899,0.152,1.95,0.229,1.999,0.335,2.049,0.482,2.099,0.672,2.149,0.928,2.199,1.229
1.599,0.011,1.65,0.017,1.699,0.027,1.749,0.043,1.8,0.068,1.849,0.105,1.899,0.159,1.95,0.238,1.999,0.346,2.049,0.49,2.099,0.688,2.149,0.944,2.199,1.246
1.599,0.011,1.65,0.017,1.699,0.027,1.749,0.042,1.8,0.066,1.849,0.103,1.899,0.157,1.95,0.235,2.0,0.343,2.049,0.487,2.099,0.685,2.149,0.928,2.199,1.247
1.599,0.0,1.65,0.017,1.699,0.026,1.749,0.042,1.8,0.066,1.849,0.103,1.899,0.156,1.95,0.235,2.0,0.342,2.049,0.49,2.099,0.682,2.149,0.94,2.199,1.262
1.599,0.011,1.65,0.018,1.699,0.028,1.749,0.044,1.8,0.069,1.849,0.106,1.899,0.16,1.95,0.24,1.999,0.35,2.049,0.495,2.099,0.695,2.149,0.953,2.199,1.255
1.599,0.011,1.65,0.017,1.699,0.027,1.749,0.043,1.8,0.068,1.849,0.104,1.899,0.158,1.95,0.237,1.999,0.0,2.049,0.0,2.099,0.652,2.149,0.887,2.199,1.206
1.599,0.0,1.65,0.016,1.699,0.025,1.749,0.041,1.8,0.064,1.849,0.101,1.899,0.155,1.95,0.234,1.999,0.341,2.049,0.489,2.099,0.681,2.149,0.937,2.199,1.239
1.599,0.012,1.65,0.018,1.699,0.029,1.749,0.045,1.8,0.071,1.849,0.109,1.899,0.164,1.95,0.245,1.999,0.357,2.049,0.504,2.099,0.706,2.149,0.966,2.199,1.271
1.599,0.011,1.65,0.018,1.699,0.028,1.749,0.045,1.799,0.07,1.849,0.108,1.899,0.164,1.95,0.245,2.0,0.355,2.049,0.505,2.099,0.706,2.149,0.952,2.199,1.278
1.599,0.001,1.65,0.019,1.699,0.029,1.749,0.046,1.799,0.072,1.849,0.112,1.899,0.168,1.95,0.25,1.999,0.362,2.049,0.514,2.099,0.711,2.149,0.972,2.199,1.278
1.599,0.013,1.65,0.02,1.699,0.031,1.749,0.048,1.8,0.075,1.849,0.115,1.899,0.172,1.95,0.255,2.0,0.369,2.049,0.52,2.099,0.726,2.15,0.989,2.199,1.299
1.599,0.013,1.65,0.02,1.699,0.031,1.749,0.048,1.8,0.075,1.849,0.115,1.899,0.174,1.95,0.257,2.0,0.373,2.049,0.524,2.099,0.731,2.149,0.982,2.199,1.315
1.599,0.001,1.65,0.02,1.699,0.031,1.749,0.049,1.8,0.076,1.849,0.117,1.899,0.174,1.95,0.259,2.0,0.372,2.049,0.526,2.099,0.725,2.149,0.99,2.199,1.301
1.599,0.012,1.65,0.019,1.699,0.031,1.749,0.048,1.8,0.075,1.849,0.114,1.899,0.171,1.95,0.255,2.0,0.37,2.049,0.521,2.099,0.729,2.15,0.997,2.199,1.308
1.599,0.013,1.65,0.02,1.699,0.031,1.749,0.049,1.8,0.075,1.849,0.115,1.899,0.173,1.95,0.257,1.999,0.371,2.049,0.525,2.099,0.732,2.149,0.985,2.199,1.318
1.599,0.001,1.65,0.02,1.699,0.031,1.749,0.049,1.8,0.076,1.849,0.118,1.899,0.177,1.95,0.262,1.999,0.378,2.049,0.535,2.099,0.736,2.149,1.005,2.199,1.34
1.599,0.014,1.65,0.021,1.699,0.033,1.749,0.051,1.8,0.08,1.849,0.121,1.899,0.181,1.95,0.268,2.0,0.387,2.049,0.543,2.099,0.756,2.149,1.029,2.199,1.347
1.599,0.014,1.65,0.022,1.699,0.034,1.749,0.052,1.8,0.081,1.849,0.123,1.899,0.185,1.95,0.272,1.999,0.39,2.049,0.548,2.099,0.764,2.149,1.023,2.199,1.365
1.599,0.001,1.65,0.023,1.699,0.034,1.749,0.053,1.8,0.082,1.849,0.125,1.899,0.186,1.95,0.274,2.0,0.393,2.049,0.554,2.099,0.76,2.149,1.034,2.199,1.374
1.599,0.015,1.65,0.023,1.699,0.036,1.749,0.055,1.799,0.085,1.849,0.128,1.899,0.189,1.95,0.278,1.999,0.399,2.049,0.556,2.099,0.767,2.149,1.042,2.199,1.364
1.599,0.015,1.65,0.023,1.699,0.035,1.749,0.053,1.8,0.083,1.849,0.125,1.899,0.186,1.95,0.273,1.999,0.393,2.049,0.549,2.099,0.763,2.149,1.022,2.199,1.355
1.599,0.014,1.65,0.022,1.699,0.034,1.749,0.053,1.799,0.082,1.849,0.124,1.899,0.185,1.95,0.273,1.999,0.392,2.049,0.554,2.099,0.768,2.149,1.027,2.199,1.369
1.599,0.001,1.65,0.022,1.699,0.035,1.749,0.053,1.799,0.081,1.849,0.124,1.899,0.184,1.95,0.271,1.999,0.39,2.049,0.549,2.099,0.755,2.149,1.028,2.199,1.346
1.599,0.014,1.65,0.022,1.699,0.033,1.749,0.05,1.799,0.078,1.849,0.119,1.899,0.179,1.95,0.264,1.999,0.381,2.049,0.535,2.099,0.747,2.149,1.005,2.199,1.34
1.599,0.014,1.65,0.021,1.699,0.033,1.749,0.051,1.8,0.079,1.849,0.121,1.899,0.181,1.95,0.268,1.999,0.385,2.049,0.545,2.099,0.749,2.149,1.016,2.199,1.356
1.599,0.015,1.65,0.022,1.699,0.034,1.749,0.052,1.8,0.08,1.849,0.122,1.899,0.182,1.95,0.269,2.0,0.387,2.049,0.546,2.099,0.75,2.15,1.021,2.199,1.338
1.599,0.013,1.65,0.021,1.699,0.032,1.749,0.05,1.799,0.078,1.849,0.118,1.899,0.176,1.95,0.261,1.999,0.376,2.049,0.528,2.099,0.737,2.149,1.004,2.199,1.317
1.599,0.013,1.65,0.02,1.699,0.031,1.749,0.049,1.8,0.076,1.849,0.116,1.899,0.174,1.95,0.259,2.0,0.373,2.049,0.525,2.099,0.732,2.15,0.986,2.199,1.321
1.599,0.001,1.65,0.02,1.699,0.032,1.749,0.048,1.8,0.075,1.849,0.115,1.899,0.173,1.95,0.257,2.0,0.372,2.049,0.526,2.099,0.726,2.15,0.994,2.199,1.306
1.599,0.014,1.65,0.02,1.699,0.032,1.749,0.049,1.8,0.077,1.85,0.117,1.899,0.175,1.95,0.259,2.0,0.374,2.049,0.526,2.099,0.734,2.149,1.002,2.199,1.316
1.599,0.013,1.65,0.02,1.699,0.031,1.749,0.047,1.8,0.074,1.849,0.113,1.899,0.171,1.95,0.253,2.0,0.367,2.049,0.517,2.099,0.724,2.149,0.977,2.199,1.315
1.599,0.001,1.65,0.02,1.699,0.03,1.749,0.048,1.8,0.074,1.849,0.114,1.899,0.171,1.95,0.254,1.999,0.367,2.049,0.522,2.099,0.722,2.149,0.989,2.199,1.324
1.599,0.013,1.65,0.02,1.699,0.031,1.749,0.048,1.8,0.075,1.849,0.114,1.899,0.172,1.95,0.255,1.999,0.369,2.049,0.52,2.099,0.727,2.149,0.994,2.199,1.308
1.599,0.012,1.65,0.02,1.699,0.03,1.749,0.046,1.799,0.073,1.849,0.112,1.899,0.17,1.95,0.252,1.999,0.366,2.049,0.517,2.099,0.726,2.149,0.98,2.199,1.309
1.599,0.013,1.65,0.02,1.699,0.03,1.749,0.048,1.8,0.074,1.849,0.114,1.899,0.17,1.95,0.253,2.0,0.366,2.049,0.52,2.099,0.72,2.15,0.989,2.199,1.328
1.599,0.014,1.65,0.021,1.699,0.032,1.749,0.049,1.8,0.076,1.849,0.117,1.899,0.175,1.95,0.26,1.999,0.377,2.049,0.53,2.099,0.737,2.15,1.008,2.199,1.326
1.599,0.013,1.65,0.021,1.699,0.031,1.749,0.048,1.8,0.076,1.849,0.116,1.899,0.175,1.95,0.259,2.0,0.376,2.049,0.529,2.099,0.74,2.149,0.998,2.199,1.339
1.599,0.013,1.65,0.021,1.699,0.032,1.749,0.05,1.8,0.077,1.849,0.117,1.899,0.176,1.95,0.261,1.999,0.377,2.049,0.535,2.099,0.746,2.149,1.003,2.199,1.344
1.599,0.001,1.65,0.021,1.699,0.033,1.749,0.051,1.8,0.078,1.849,0.119,1.899,0.178,1.95,0.264,1.999,0.381,2.049,0.539,2.099,0.743,2.15,1.017,2.199,1.337
1.599,0.013,1.65,0.021,1.699,0.032,1.749,0.049,1.8,0.077,1.849,0.117,1.899,0.176,1.95,0.26,2.0,0.376,2.049,0.529,2.099,0.74,2.15,0.996,2.199,1.328
1.599,0.013,1.65,0.02,1.699,0.031,1.749,0.049,1.8,0.076,1.849,0.118,1.899,0.177,1.95,0.264,1.999,0.383,2.049,0.546,2.099,0.755,2.149,1.029,2.199,1.383
1.599,0.016,1.65,0.024,1.699,0.037,1.749,0.056,1.8,0.087,1.849,0.133,1.899,0.198,1.95,0.291,2.0,0.42,2.049,0.592,2.099,0.812,2.149,1.104,2.199,1.44
1.599,0.017,1.65,0.027,1.699,0.04,1.749,0.061,1.8,0.095,1.849,0.143,1.899,0.211,1.95,0.309,1.999,0.442,2.049,0.614,2.099,0.85,2.149,1.131,2.199,1.497
1.599,0.02,1.65,0.03,1.699,0.045,1.749,0.068,1.8,0.103,1.849,0.154,1.899,0.227,1.95,0.329,1.999,0.465,2.049,0.65,2.099,0.894,2.149,1.183,2.199,1.568
1.599,0.001,1.65,0.034,1.699,0.051,1.749,0.077,1.8,0.115,1.849,0.171,1.899,0.249,1.95,0.358,1.999,0.505,2.049,0.7,2.099,0.942,2.149,1.263,2.199,1.625
1.599,0.029,1.65,0.041,1.699,0.061,1.749,0.089,1.8,0.133,1.849,0.193,1.899,0.276,1.95,0.393,2.0,0.548,2.049,0.744,2.099,1.009,2.149,1.341,2.199,1.716
1.599,0.03,1.65,0.045,1.699,0.065,1.749,0.097,1.8,0.141,1.849,0.205,1.899,0.294,1.95,0.417,2.0,0.58,2.049,0.784,2.099,1.058,2.149,1.375,2.199,1.794
1.599,0.001,1.65,0.052,1.699,0.074,1.749,0.108,1.8,0.156,1.849,0.224,1.899,0.318,1.95,0.446,1.999,0.611,2.049,0.831,2.099,1.098,2.149,1.448,2.199,1.84
1.599,0.038,1.65,0.055,1.699,0.08,1.749,0.114,1.8,0.167,1.849,0.238,1.899,0.336,1.95,0.469,2.0,0.644,2.049,0.859,2.099,1.148,2.149,1.507,2.199,1.905
1.599,0.043,1.65,0.062,1.699,0.088,1.749,0.127,1.8,0.182,1.849,0.258,1.899,0.361,1.95,0.502,2.0,0.679,2.049,0.908,2.099,1.207,2.149,1.549,2.199,1.998
1.599,0.001,1.65,0.072,1.699,0.101,1.749,0.144,1.8,0.203,1.849,0.286,1.899,0.397,1.95,0.546,2.0,0.732,2.049,0.976,2.099,1.267,2.15,1.646,2.199,2.108
1.599,0.064,1.65,0.086,1.699,0.12,1.749,0.165,1.8,0.232,1.849,0.319,1.899,0.437,1.95,0.593,2.0,0.795,2.049,1.039,2.099,1.364,2.149,1.76,2.199,2.189
1.599,0.069,1.65,0.096,1.699,0.13,1.749,0.179,1.8,0.251,1.849,0.344,1.899,0.47,1.95,0.637,2.0,0.85,2.049,1.104,2.099,1.442,2.15,1.818,2.199,2.309
1.599,0.082,1.65,0.112,1.699,0.15,1.749,0.206,1.8,0.28,1.849,0.381,1.899,0.513,1.95,0.688,2.0,0.902,2.049,1.179,2.099,1.526,2.149,1.91,2.199,2.41
1.599,0.1,1.65,0.128,1.699,0.174,1.749,0.232,1.8,0.313,1.849,0.423,1.899,0.565,1.95,0.748,2.0,0.984,2.049,1.277,2.099,1.615,2.15,2.053,2.199,2.519
1.599,0.109,1.65,0.146,1.699,0.191,1.749,0.254,1.8,0.344,1.849,0.459,1.899,0.609,1.95,0.802,2.0,1.047,2.049,1.334,2.099,1.711,2.15,2.122,2.199,2.658
1.599,0.13,1.65,0.172,1.699,0.223,1.749,0.297,1.8,0.393,1.849,0.521,1.899,0.683,1.95,0.894,2.0,1.144,2.049,1.468,2.099,1.861,2.149,2.289,2.199,2.848
1.599,0.005,1.65,0.212,1.699,0.277,1.749,0.356,1.8,0.463,1.849,0.604,1.899,0.783,1.95,1.004,1.999,1.285,2.049,1.63,2.099,2.018,2.149,2.52,2.199,3.04
1.599,0.201,1.65,0.248,1.699,0.319,1.749,0.407,1.8,0.53,1.849,0.681,1.899,0.874,1.95,1.11,1.999,1.406,2.049,1.743,2.099,2.185,2.149,2.652,2.199,3.2
1.599,0.238,1.65,0.301,1.699,0.373,1.749,0.478,1.8,0.609,1.849,0.778,1.899,0.985,1.95,1.252,1.999,1.554,2.049,1.943,2.099,2.368,2.149,2.919,2.199,3.2
1.599,0.283,1.65,0.342,1.699,0.431,1.749,0.535,1.799,0.675,1.849,0.854,1.899,1.079,1.95,1.348,1.999,1.688,2.049,2.096,2.099,2.54,2.149,3.106,2.199,3.2
1.599,0.3,1.65,0.376,1.699,0.461,1.749,0.575,1.799,0.729,1.849,0.919,1.899,1.15,1.95,1.445,1.999,1.797,2.049,2.187,2.099,2.694,2.149,3.2,2.199,3.2
1.599,0.332,1.65,0.415,1.699,0.51,1.749,0.642,1.8,0.803,1.849,1.006,1.899,1.25,1.95,1.562,1.999,1.91,2.049,2.353,2.099,2.824,2.149,3.2,2.199,3.2
1.599,0.358,1.65,0.432,1.699,0.541,1.749,0.671,1.8,0.837,1.849,1.046,1.899,1.308,1.95,1.612,1.999,1.995,2.049,2.452,2.099,2.94,2.149,3.2,2.199,3.2
1.599,0.367,1.65,0.458,1.699,0.558,1.749,0.692,1.799,0.867,1.849,1.086,1.899,1.344,1.95,1.673,2.0,2.063,2.049,2.487,2.099,3.047,2.15,3.2,2.199,3.2
1.599,0.384,1.65,0.478,1.699,0.587,1.749,0.734,1.8,0.916,1.849,1.144,1.899,1.409,1.95,1.75,2.0,2.125,2.049,2.604,2.099,3.17,2.149,3.2,2.199,3.2
1.599,0.416,1.65,0.502,1.699,0.625,1.749,0.769,1.8,0.956,1.849,1.182,1.899,1.466,1.95,1.793,2.0,2.205,2.049,2.645,2.099,3.203,2.15,3.2,2.199,3.2
1.599,0.409,1.65,0.509,1.699,0.624,1.749,0.773,1.8,0.964,1.849,1.197,1.899,1.479,1.95,1.809,2.0,2.223,2.049,2.665,2.099,3.2,2.15,3.2,2.199,3.2
1.599,0.409,1.65,0.51,1.699,0.626,1.749,0.779,1.8,0.969,1.849,1.203,1.899,1.487,1.95,1.841,2.0,2.228,2.049,2.729,2.099,3.2,2.15,3.2,2.199,3.2
1.599,0.44,1.65,0.531,1.699,0.656,1.749,0.802,1.8,0.994,1.849,1.228,1.899,1.518,1.95,1.856,2.0,2.283,2.049,2.789,2.099,3.2,2.15,3.2,2.199,3.2
1.6,0.432,1.65,0.537,1.699,0.658,1.749,0.812,1.8,1.009,1.849,1.251,1.899,1.534,1.95,1.899,2.0,2.336,2.049,2.797,2.099,3.2,2.15,3.2,2.199,3.2
1.599,0.436,1.65,0.544,1.699,0.669,1.749,0.829,1.8,1.029,1.85,1.275,1.899,1.562,1.95,1.933,2.0,2.33,2.049,2.853,2.099,3.2,2.15,3.2,2.199,3.2
1.599,0.025,1.65,0.555,1.699,0.687,1.749,0.845,1.8,1.05,1.85,1.295,1.899,1.603,1.95,1.955,2.0,2.4,2.049,2.926,2.099,3.2,2.15,3.2,2.199,3.2
1.6,0.454,1.65,0.564,1.699,0.686,1.749,0.845,1.8,1.049,1.85,1.302,1.899,1.596,1.95,1.966,2.0,2.415,2.049,2.887,2.099,3.2,2.15,3.2,2.199,3.2
1.599,0.026,1.65,0.565,1.699,0.691,1.749,0.856,1.8,1.064,1.849,1.312,1.899,1.614,1.95,1.997,2.0,2.406,2.049,2.938,2.099,3.2,2.15,3.2,2.199,3.2
1.6,0.475,1.65,0.577,1.699,0.714,1.749,0.88,1.8,1.089,1.85,1.337,1.899,1.654,1.95,2.01,2.0,2.468,2.049,3.004,2.099,3.2,2.15,3.2,2.199,3.2
1.6,0.468,1.65,0.578,1.699,0.706,1.749,0.865,1.8,1.072,1.85,1.33,1.899,1.629,1.95,2.003,2.0,2.458,2.049,2.939,2.099,3.2,2.15,3.2,2.199,3.2
1.599,0.46,1.65,0.572,1.699,0.702,1.749,0.87,1.8,1.081,1.85,1.331,1.899,1.639,1.95,2.027,2.0,2.446,2.049,2.984,2.099,3.2,2.15,3.2,2.199,3.2
1.599,0.482,1.65,0.585,1.699,0.724,1.749,0.893,1.8,1.108,1.85,1.362,1.899,1.682,1.95,2.045,2.0,2.514,2.049,3.061,2.099,3.2,2.15,3.2,2.199,3.2
1.6,0.482,1.65,0.598,1.699,0.727,1.749,0.898,1.8,1.114,1.85,1.38,1.899,1.684,1.95,2.081,2.0,2.549,2.049,3.041,2.099,3.2,2.15,3.2,2.199,3.2
1.599,0.029,1.65,0.592,1.699,0.726,1.749,0.896,1.8,1.113,1.849,1.37,1.899,1.685,1.95,2.079,2.0,2.505,2.049,3.058,2.099,3.2,2.15,3.2,2.199,3.2
1.6,0.486,1.65,0.593,1.699,0.733,1.749,0.904,1.8,1.121,1.85,1.379,1.899,1.703,1.95,2.072,2.0,2.544,2.049,3.039,2.099,3.2,2.15,3.2,2.199,3.2
1.599,0.479,1.65,0.597,1.699,0.732,1.749,0.906,1.8,1.114,1.85,1.38,1.899,1.684,1.95,2.079,2.0,2.502,2.049,3.055,2.099,3.2,2.15,3.2,2.199,3.2
1.599,0.022,1.65,0.592,1.699,0.725,1.749,0.899,1.8,1.118,1.85,1.378,1.899,1.703,1.95,2.073,2.0,2.533,2.049,3.09,2.099,3.2,2.15,3.2,2.199,3.2
1.6,0.492,1.65,0.598,1.699,0.739,1.749,0.909,1.8,1.124,1.85,1.391,1.899,1.71,1.95,2.071,2.0,2.54,2.049,3.033,2.099,3.2,2.15,3.2,2.199,3.2
1.599,0.472,1.65,0.587,1.699,0.721,1.749,0.895,1.8,1.113,1.85,1.381,1.899,1.688,1.95,2.081,2.0,2.506,2.049,3.062,2.099,3.2,2.15,3.2,2.199,3.2
1.6,0.494,1.65,0.598,1.699,0.74,1.749,0.912,1.8,1.128,1.85,1.385,1.899,1.711,1.95,2.082,2.0,2.56,2.049,3.122,2.099,3.2,2.15,3.2,2.199,3.2
1.6,0.497,1.65,0.617,1.699,0.754,1.749,0.929,1.8,1.149,1.849,1.425,1.899,1.739,1.95,2.135,2.0,2.621,2.049,3.13,2.099,3.2,2.15,3.2,2.199,3.2
1.599,0.492,1.65,0.607,1.699,0.742,1.749,0.915,1.8,1.135,1.85,1.394,1.899,1.714,1.95,2.109,2.0,2.537,2.049,3.104,2.099,3.2,2.15,3.2,2.199,3.2
1.6,0.503,1.65,0.611,1.699,0.756,1.749,0.928,1.8,1.148,1.85,1.413,1.899,1.745,1.95,2.118,2.0,2.605,2.049,3.179,2.099,3.2,2.15,3.2,2.199,3.2
1.6,0.51,1.65,0.623,1.699,0.769,1.749,0.947,1.8,1.17,1.85,1.45,1.899,1.767,1.95,2.184,2.0,2.676,2.049,3.192,2.099,3.2,2.15,3.2,2.199,3.2
1.599,0.504,1.65,0.626,1.699,0.77,1.749,0.953,1.8,1.182,1.85,1.463,1.899,1.784,1.95,2.203,2.0,2.643,2.049,3.2,2.099,3.2,2.15,3.2,2.199,3.2
1.599,0.029,1.65,0.629,1.699,0.778,1.749,0.958,1.8,1.187,1.85,1.457,1.899,1.8,1.95,2.182,2.0,2.68,2.049,3.2,2.099,3.2,2.15,3.2,2.199,3.2
1.6,0.522,1.65,0.647,1.699,0.792,1.749,0.973,1.8,1.199,1.85,1.482,1.899,1.804,1.95,2.229,2.0,2.729,2.049,3.2,2.099,3.2,2.15,3.2,2.199,3.2
1.599,0.033,1.65,0.637,1.699,0.78,1.749,0.964,1.8,1.193,1.85,1.463,1.899,1.803,1.95,2.228,2.0,2.678,2.049,3.2,2.099,3.2,2.15,3.2,2.199,3.2
1.599,0.526,1.65,0.642,1.699,0.795,1.749,0.982,1.8,1.216,1.85,1.491,1.899,1.84,1.95,2.227,2.0,2.73,2.049,3.2,2.099,3.2,2.15,3.2,2.199,3.2
1.6,0.531,1.65,0.657,1.699,0.807,1.749,0.991,1.8,1.224,1.85,1.512,1.899,1.843,1.95,2.278,2.0,2.793,2.049,3.2,2.099,3.2,2.15,3.2,2.199,3.2
1.599,0.031,1.65,0.655,1.699,0.802,1.749,0.99,1.8,1.228,1.85,1.508,1.899,1.863,1.95,2.301,2.0,2.764,2.049,3.2,2.099,3.2,2.15,3.2,2.199,3.2
1.599,0.541,1.65,0.662,1.699,0.816,1.749,1.007,1.8,1.241,1.85,1.535,1.899,1.892,1.95,2.292,2.0,2.819,2.049,3.2,2.099,3.2,2.15,3.2,2.199,3.2
1.599,0.53,1.65,0.658,1.699,0.806,1.749,0.994,1.8,1.235,1.85,1.529,1.899,1.862,1.95,2.305,2.0,2.772,2.049,3.2,2.099,3.2,2.15,3.2,2.199,3.2
1.599,0.026,1.65,0.658,1.699,0.812,1.749,0.997,1.8,1.237,1.85,1.519,1.899,1.877,1.95,2.276,2.0,2.777,2.049,3.2,2.099,3.2,2.15,3.2,2.199,3.2
1.6,0.541,1.65,0.658,1.699,0.813,1.749,0.999,1.8,1.233,1.85,1.523,1.899,1.876,1.95,2.272,2.0,2.796,2.049,3.2,2.099,3.2,2.15,3.2,2.199,3.2
1.599,0.523,1.65,0.649,1.699,0.797,1.749,0.983,1.8,1.224,1.85,1.514,1.899,1.844,1.95,2.278,2.0,2.739,2.049,3.2,2.099,3.2,2.15,3.2,2.199,3.2
1.599,0.027,1.65,0.645,1.699,0.795,1.749,0.974,1.8,1.21,1.85,1.484,1.899,1.838,1.95,2.229,2.0,2.731,2.049,3.2,2.099,3.2,2.15,3.2,2.199,3.2
1.6,0.526,1.65,0.642,1.699,0.792,1.749,0.978,1.8,1.209,1.85,1.495,1.899,1.848,1.95,2.244,2.0,2.764,2.049,3.2,2.099,3.2,2.15,3.2,2.199,3.2
1.6,0.519,1.65,0.642,1.699,0.787,1.749,0.971,1.8,1.201,1.85,1.489,1.899,1.818,1.95,2.252,2.0,2.767,2.049,3.2,2.099,3.2,2.15,3.2,2.199,3.2
1.599,0.027,1.65,0.646,1.699,0.794,1.749,0.98,1.8,1.218,1.85,1.497,1.899,1.849,1.95,2.286,2.0,2.749,2.049,3.2,2.099,3.2,2.15,3.2,2.199,3.2
1.6,0.536,1.65,0.654,1.699,0.808,1.749,0.996,1.8,1.227,1.85,1.522,1.899,1.878,1.95,2.275,2.0,2.799,2.049,3.2,2.099,3.2,2.15,3.2,2.199,3.2
1.599,0.522,1.65,0.648,1.699,0.794,1.749,0.983,1.8,1.223,1.85,1.517,1.899,1.85,1.95,2.292,2.0,2.753,2.049,3.2,2.099,3.2,2.15,3.2,2.199,3.2
1.599,0.027,1.65,0.647,1.699,0.795,1.749,0.983,1.8,1.222,1.85,1.502,1.899,1.864,1.95,2.304,2.0,2.774,2.049,3.2,2.099,3.2,2.15,3.2,2.199,3.2
1.6,0.543,1.65,0.661,1.699,0.815,1.749,1.006,1.8,1.24,1.85,1.536,1.899,1.89,1.95,2.288,2.0,2.816,2.049,3.2,2.099,3.2,2.15,3.2,2.199,3.2
1.6,0.543,1.65,0.672,1.699,0.827,1.749,1.018,1.8,1.257,1.85,1.557,1.899,1.894,1.95,2.349,2.0,2.89,2.049,3.2,2.099,3.2,2.15,3.2,2.199,3.2
1.599,0.538,1.65,0.667,1.699,0.822,1.749,1.013,1.8,1.257,1.85,1.555,1.899,1.896,1.95,2.346,2.0,2.821,2.049,3.2,2.099,3.2,2.15,3.2,2.199,3.2
1.6,0.548,1.65,0.667,1.699,0.823,1.749,1.016,1.8,1.26,1.85,1.547,1.899,1.921,1.95,2.328,2.0,2.875,2.049,3.2,2.099,3.2,2.15,3.2,2.199,3.2
1.6,0.554,1.65,0.686,1.699,0.843,1.749,1.037,1.8,1.278,1.85,1.585,1.899,1.931,1.95,2.393,2.0,2.942,2.049,3.2,2.099,3.2,2.15,3.2,2.199,3.2
1.599,0.55,1.65,0.681,1.699,0.838,1.749,1.032,1.8,1.282,1.85,1.584,1.899,1.933,1.95,2.398,2.0,2.882,2.049,3.2,2.099,3.2,2.15,3.2,2.199,3.2
1.6,0.561,1.65,0.684,1.699,0.842,1.749,1.037,1.8,1.289,1.85,1.577,1.899,1.949,1.95,2.361,2.0,2.909,2.049,3.2,2.099,3.2,2.15,3.2,2.199,3.2
1.6,0.558,1.65,0.691,1.7,0.851,1.749,1.05,1.8,1.296,1.85,1.606,1.899,1.954,1.95,2.418,2.0,2.978,2.049,3.2,2.099,3.2,2.15,3.2,2.199,3.2
1.599,0.037,1.65,0.688,1.7,0.847,1.749,1.043,1.8,1.294,1.85,1.585,1.899,1.964,1.95,2.426,2.0,2.917,2.049,3.2,2.099,3.2,2.15,3.2,2.199,3.2
1.6,0.56,1.65,0.685,1.7,0.847,1.749,1.045,1.8,1.297,1.85,1.592,1.899,1.971,1.95,2.394,2.0,2.956,2.049,3.2,2.099,3.2,2.15,3.2,2.199,3.2
